hhid,Wave,Site,hours,days,cost,subsidy
211101003,2006,1,,,1000,
211101007,1989,1,8,4,50,
211101007,1991,1,,,50,
211101008,1989,1,10,6,80,20
211101008,1991,1,,,50,10
211101008,1993,1,,,,
211101008,2000,1,,,500,
211101014,1989,1,7,6,80,13
211101014,1991,1,,,100,5
211101015,1993,1,,,120,9
211101017,2006,1,,,100,
211101061,2000,1,,,200,10
211101063,2004,1,,,200,
211101065,2004,1,,,300,
211101065,2006,1,,,800,
211101067,2004,1,,,200,
211102001,1991,1,,,160,0
211102001,1993,1,,,88,
211102008,2006,1,,,1600,
211102016,1991,1,,,50,11
211102018,2004,1,,,420,
211102018,2006,1,,,800,
211102062,2004,1,,,80,
211102067,2000,1,,,,
211102070,2000,1,,,500,20
211102071,2004,1,,,350,40
211103001,1989,1,7,6,60,
211103001,1991,1,,,100,10
211103001,1993,1,,,100,9
211103002,1989,1,,0,0,16
211103003,1989,1,,,25,
211103003,1993,1,,,140,
211103004,1989,1,8,6,15,
211103005,1989,1,8,6,20,
211103005,1991,1,,,70,5
211103005,1993,1,,,,
211103006,1989,1,8,6,25,
211103006,1991,1,,,130,5
211103006,1993,1,,,,8
211103007,1989,1,24,,,20
211103007,1991,1,,,27,20
211103008,1989,1,,0,30,21
211103008,1991,1,,,27,20
211103011,1989,1,,0,30,17
211103012,1989,1,8,6,35,0
211103012,1991,1,,,35,5
211103016,1989,1,8,6,20,20
211103016,1991,1,,,0,0
211103017,1989,1,,,,
211103018,1989,1,8,6,20,10
211103018,1991,1,,,158,10
211103018,1993,1,,,100,0
211103020,1989,1,6,6,120,20
211103020,1991,1,,,150,20
211103020,1993,1,,,150,4
211103081,2004,1,,,240,
211103090,2004,1,,,320,
211103090,2006,1,,,140,60
211104001,1991,1,,,40,0
211104001,1993,1,,,,
211104005,1989,1,,,,
211104005,1993,1,,,150,2
211104007,1989,1,,,,
211104008,1989,1,,,,
211104009,1989,1,,,,5
211104009,2006,1,,,950,
211104012,1991,1,,,0,8
211104012,1993,1,,,20,1
211104014,2004,1,,,300,
211104014,2006,1,,,350,
211104016,2004,1,,,130,
211104016,2006,1,,,140,
211104017,2004,1,,,100,
211104018,1989,1,,,,
211104081,2006,1,,,300,
211201003,1989,1,4,6,30,12
211201004,1989,1,,,,
211201005,1989,1,,,,
211201009,1991,1,,,20,20
211201009,1993,1,,,,5
211201015,1989,1,,,70,7.5
211201016,1989,1,16,7,,12
211201063,2000,1,,,80,
211202002,1989,1,6,5,0,
211202010,2006,1,,,500,
211202011,1989,1,,,60,12
211202011,1991,1,,,24,24
211202011,1993,1,,,100,
211202012,2000,1,,,100,
211202017,1989,1,24,6,0,
211202017,1991,1,,,25,25
211202017,1993,1,,,0,2
211203001,1989,1,,,,12.5
211203001,1991,1,,,20,25
211203001,1993,1,,,50,5
211203003,1989,1,24,6,40,12
211203003,1991,1,,,30,24
211203005,2004,1,,,200,
211203005,2006,1,,,200,
211203007,2004,1,,,300,
211203011,1989,1,24,6,50,25
211203011,1991,1,,,10,19
211203015,1991,1,,,20,0
211203015,1993,1,,,,5
211204001,1989,1,8,6,28,
211204001,1991,1,,,50,
211204002,1989,1,,,,47
211204004,1989,1,10,6,60,
211204004,1991,1,,,40,
211204004,1993,1,,,0,0
211204005,1989,1,0,0,60,
211204005,1991,1,,,50,10
211204008,1989,1,7,6,60,10
211204008,1991,1,,,24,24
211204008,1993,1,,,30,5
211204009,1989,1,8,6,60,7
211204009,1991,1,,,24,24
211204009,1993,1,,,10,9
211204012,1989,1,6,6,40,
211204014,1989,1,,,,10
211204014,1991,1,,,12,5
211204016,1989,1,8,6,40,
211204016,1991,1,,,24,12
211204018,1989,1,8,6,100,
211204062,2000,1,,,,
211204062,2004,1,,,150,
211204071,2004,1,,,200,
211204071,2006,1,,,120,
211204073,2000,1,,,150,
211208002,2004,1,,,120,
211208010,2000,1,,,200,20
211208015,2000,1,,,47,10
211208020,2000,1,,,,
212101002,1989,2,0,0,0,
212101002,1991,2,,,89,5
212101003,1991,2,,,70,10
212101006,1989,2,,,,0
212101006,1991,2,,,51,28
212101007,1989,2,,,15,
212101012,1989,2,,,15,
212101019,1989,2,,,20,
212102001,1989,2,4,7,0,0
212102001,2000,2,,,100,
212102001,2006,2,,,,
212102002,1989,2,,,25,
212102004,1989,2,,,,
212102005,1991,2,,,6,
212102007,1989,2,4,7,0,
212102007,1991,2,,,10,
212102007,1993,2,,,,
212102009,2004,2,,,50,
212102012,1989,2,5,3,,
212102012,1991,2,,,6,
212102014,1989,2,3,7,0,
212102014,1991,2,,,5,
212102016,1989,2,7,6,,10
212102016,1991,2,,,30,
212102018,1989,2,0,0,60,
212102018,1991,2,,,6,
212102019,1989,2,,,10,
212102020,1989,2,5,1,,
212102020,1991,2,,,6,
212103002,1991,2,,,9,
212103003,2006,2,,,140,
212103007,1993,2,,,,
212103007,2000,2,,,20,
212103008,1989,2,,0,2,
212103008,1991,2,,,10,
212103011,1989,2,10,6,20,
212103013,2000,2,,,80,
212103016,1989,2,,,,5
212103061,2000,2,,,200,
212103063,2000,2,,,20,
212104001,1993,2,,,,
212104008,1989,2,1,3,0,0
212104014,1989,2,2,6,0,
212104061,2000,2,,,120,
212104062,2006,2,,,100,
212104064,2000,2,,,60,
212104101,2006,2,,,300,
212201002,1989,2,8,6,30,13
212201003,2006,2,,,,
212201004,1989,2,8,6,30,9
212201004,1991,2,,,35,18
212201007,1989,2,8,6,0,10
212201007,1991,2,,,80,15
212201009,1989,2,8,6,20,10
212201009,1991,2,,,12,38
212201009,1993,2,,,50,0
212201010,1989,2,8,6,100,
212201010,1991,2,,,70,5
212201012,1989,2,6,6,20,5
212201013,1991,2,,,200,3
212201013,1993,2,,,120,6
212201014,1989,2,10,0,60,7.5
212201016,1989,2,,,,
212201017,1989,2,1,7,0,
212201017,1991,2,,,60,
212201019,1989,2,2,0,30,
212201019,1991,2,,,50,4
212201019,1993,2,,,60,6
212201063,2000,2,,,100,
212202003,1989,2,,,5,
212202004,2000,2,,,120,
212202004,2006,2,,,,
212202008,1993,2,,,5,
212202009,1989,2,,,,
212202010,1989,2,,,,2.5
212202011,1989,2,,,,
212202014,1989,2,,,,
212202015,1989,2,14,7,25,
212202017,1989,2,,,,
212202017,1993,2,,,150,
212202019,1991,2,,,8,
212202020,1989,2,10,6,50,2.5
212202020,1991,2,,,8,5
212202020,1993,2,,,15,
212202062,2000,2,,,100,
212202065,2000,2,,,,
212202065,2006,2,,,150,
212203005,1993,2,,,75,1
212203019,2006,2,,,,
212203020,2006,2,,,,
212203063,2000,2,,,100,
212203081,2006,2,,,,
212203101,2006,2,,,,
212204002,1993,2,,,8,
212204004,1989,2,3,6,18,
212204004,1993,2,,,40,
212204005,2004,2,,,,
212204011,1993,2,,,10,
212204012,1993,2,,,40,
212204017,2000,2,,,50,
212204019,1993,2,,,5,9
212204020,1993,2,,,,
212204065,2000,2,,,50,
212301004,1989,2,,,,
212301017,1991,2,,,60,40
212302003,1993,2,,,,
212302004,2006,2,,,,
212302005,2000,2,,,150,0
212302009,2006,2,,,,
212302011,2000,2,,,50,
212302015,2006,2,,,500,
212302019,2004,2,,,300,
212302019,2006,2,,,,
212302020,1993,2,,,,
212303004,2004,2,,,20,
212303004,2006,2,,,200,
212303006,2004,2,,,300,
212303016,1993,2,,,250,0
212303017,2000,2,,,,
212303017,2004,2,,,300,
212303020,2000,2,,,70,
212303081,2006,2,,,400,
212303082,2004,2,,,300,
212303082,2006,2,,,400,
212303101,2006,2,,,400,
212304003,1991,2,,,10,
212304005,2004,2,,,30,
212304011,2000,2,,,,
212304012,2006,2,,,,
212304014,2000,2,,,70,
212304020,2006,2,,,150,
212304061,2004,2,,,,16
212304062,2006,2,,,60,
212304063,2000,2,,,60,
212304066,2000,2,,,30,
212305004,2000,2,,,300,
212305004,2004,2,,,,60
212305018,2004,2,,,400,60
212305020,2000,2,,,200,10
212305081,2004,2,,,300,
212401001,1989,2,,,,
212401002,1989,2,24,6,50,15
212401003,1989,2,9,6,30,
212401004,1989,2,8,6,50,30
212401004,1991,2,,,30,
212401005,1989,2,8,6,50,
212401006,1989,2,9,6,40,
212401007,1989,2,8,6,50,30
212401008,1989,2,9,6,40,
212401009,1989,2,24,6,30,1.5
212401010,1989,2,24,6,40,11.5
212401011,1989,2,24,6,50,
212401012,1989,2,9,6,100,
212401013,1989,2,8,6,25,30
212401014,1989,2,9,6,40,
212401014,1993,2,,,,9
212401015,1989,2,,,,
212401016,1989,2,8,6,40,
212401017,1989,2,9,6,40,
212401018,1989,2,9,6,30,30
212401020,1989,2,24,7,50,
212401061,2000,2,,,,
212401067,2000,2,,,100,
212402001,1991,2,,,10,
212402002,1991,2,,,10,
212402003,1991,2,,,10,
212402005,1989,2,,,3,
212402005,1991,2,,,10,
212402006,1989,2,,,5,
212402006,1991,2,,,10,
212402007,1989,2,,,10,
212402007,1991,2,,,20,
212402007,1993,2,,,,
212402008,1989,2,,,,
212402008,1991,2,,,10,
212402009,1989,2,,,25,
212402009,1991,2,,,10,
212402012,1989,2,,,10,
212402013,1989,2,,,15,
212402013,1991,2,,,10,
212402014,1989,2,,,,
212402015,1989,2,,,,
212402015,1991,2,,,10,
212402016,1989,2,,,,
212402016,1991,2,,,10,
212402016,2000,2,,,20,
212402017,1991,2,,,10,
212402019,1989,2,,,15,
212402019,1993,2,,,10,
212402019,2000,2,,,30,
212402019,2004,2,,,55,
212402020,1989,2,,,,
212403003,2000,2,,,10,
212403004,2006,2,,,60,
212403005,1993,2,,,,
212403005,2000,2,,,90,
212403008,1989,2,,,50,
212403008,1993,2,,,,
212403012,2006,2,,,100,
212403015,2000,2,,,40,
212403017,2000,2,,,20,
212403018,2000,2,,,200,
212403020,1989,2,8,6,10,
212403063,2000,2,,,150,
212403064,2000,2,,,,0
212403083,2004,2,,,60,
212403102,2006,2,,,60,
212404001,1989,2,,,,
212404002,1989,2,0,0,,
212404003,1989,2,,,,
212404004,1989,2,,,,
212404005,1989,2,,,,
212404006,1989,2,,,,
212404007,1989,2,,0,,
212404007,2006,2,,,150,
212404008,1989,2,,0,,
212404009,1989,2,,0,,
212404010,1989,2,,6,25,
212404010,1993,2,,,,
212404011,1989,2,,0,,
212404012,1989,2,,0,,
212404012,2000,2,,,200,
212404013,1989,2,,0,,
212404014,1989,2,,0,,
212404015,1989,2,,0,,
212404016,1989,2,,6,20,
212404016,1991,2,,,20,
212404016,1993,2,,,,
212404017,1989,2,,,50,20
212404017,1991,2,,,20,
212404018,1989,2,,6,30,
212404019,1989,2,8,6,20,
212404020,1989,2,8,,20,
231101002,2004,1,,,999,
231101002,2006,1,,,500,
231101005,2000,1,,,200,
231101007,1997,1,,,100,
231101007,2000,1,,,400,
231101008,1997,1,,,,25
231102002,1997,1,,,200,
231102002,2000,1,,,200,20
231102010,1997,1,,,95,
231102015,1997,1,,,50,
231102016,1997,1,,,50,
231102064,2000,1,,,200,20
231102065,2000,1,,,200,10
231102089,2006,1,,,50,
231103002,1997,1,,,10,
231103002,2006,1,,,200,
231103003,2004,1,,,,
231103003,2006,1,,,300,
231103005,1997,1,,,150,
231103006,1997,1,,,100,
231103009,1997,1,,,30,0
231103009,2000,1,,,200,
231103011,2000,1,,,70,
231103013,2000,1,,,60,
231103015,2000,1,,,100,
231103015,2004,1,,,50,
231103015,2006,1,,,100,
231103018,1997,1,,,100,
231103019,1997,1,,,50,0
231103019,2000,1,,,150,
231103020,1997,1,,,600,
231104004,2000,1,,,150,0
231104006,2000,1,,,90,
231104007,2004,1,,,,20
231104007,2006,1,,,400,
231104010,1997,1,,,200,
231104010,2000,1,,,150,
231104011,2006,1,,,,4
231104013,1997,1,,,200,
231104013,2000,1,,,200,0
231104015,1997,1,,,20,
231104015,2000,1,,,90,
231104017,1997,1,,,20,
231104017,2000,1,,,100,0
231104018,1997,1,,,50,
231104019,2000,1,,,200,0
231201004,2004,1,,,100,
231201008,1997,1,,,280,50
231201012,1997,1,,,95,25
231201017,1997,1,,,150,50
231201018,1997,1,,,0,50
231201018,2000,1,,,,50
231201062,2000,1,,,90,25
231201063,2006,1,,,,
231201082,2004,1,,,200,
231202005,1997,1,,,200,50
231202007,1997,1,,,15,50
231202007,2000,1,,,110,50
231202008,1997,1,,,200,25
231202009,1997,1,,,95,50
231202010,1997,1,,,450,50
231202011,2006,1,,,450,
231202015,1997,1,,,140,50
231202018,1997,1,,,0,50
231202019,1997,1,,,60,25
231202020,1997,1,,,130,50
231202020,2000,1,,,160,50
231202065,2000,1,,,130,50
231202083,2006,1,,,,
231203008,1997,1,,,5,
231203008,2000,1,,,300,
231203015,2006,1,,,600,
231203018,2000,1,,,30,
231203019,1997,1,,,60,
231203061,2000,1,,,370,
231203062,2004,1,,,100,
231203063,2004,1,,,100,
231203082,2004,1,,,80,10
231204006,2004,1,,,60,
231204008,1997,1,,,100,
231204015,1997,1,,,70,
231204015,2000,1,,,200,
231204018,2000,1,,,30,
231204064,2000,1,,,,
231204064,2004,1,,,80,
232101001,2004,2,,,200,
232101001,2006,2,,,100,
232101002,2004,2,,,600,
232102012,1997,2,,,110,
232102012,2000,2,,,30,
232102012,2004,2,,,200,
232102014,1997,2,,,30,
232102083,2004,2,,,200,
232103001,1997,2,,,20,
232103002,1997,2,,,,
232103003,2004,2,,,150,
232103006,2004,2,,,200,
232103011,2004,2,,,50,
232103020,2000,2,,,,
232104003,2000,2,,,20,
232104007,1997,2,,,40,
232104062,2000,2,,,,
232104081,2004,2,,,25,
232201006,1997,2,,,4,
232201010,1997,2,,,40,
232201019,1997,2,,,75,
232202004,1997,2,,,10,
232202007,1997,2,,,10,
232202007,2000,2,,,,
232202011,2000,2,,,,
232202061,2000,2,,,,
232202062,2000,2,,,,
232203002,1997,2,,,30,
232203004,2000,2,,,,
232203013,1997,2,,,10,
232203016,1997,2,,,8,
232203016,2000,2,,,,
232203017,1997,2,,,20,
232203017,2000,2,,,,
232203018,1997,2,,,1,
232204008,1997,2,,,15,
232204017,2000,2,,,,
232205062,2000,2,,,,
232205065,2000,2,,,80,
232205070,2000,2,,,150,
232301002,1997,2,,,50,
232301003,1997,2,,,30,
232301003,2000,2,,,270,10
232301004,2000,2,,,180,50
232301005,1997,2,,,200,
232301005,2000,2,,,100,18
232301008,1997,2,,,80,
232301010,1997,2,,,60,
232301012,1997,2,,,50,
232301012,2000,2,,,300,
232301013,1997,2,,,50,
232301013,2000,2,,,70,18
232301018,2000,2,,,50,18
232301018,2004,2,,,400,
232302002,2000,2,,,50,
232302010,2000,2,,,20,
232302010,2004,2,,,100,
232302011,1997,2,,,30,
232302011,2000,2,,,40,
232302012,1997,2,,,30,
232302015,1997,2,,,10,
232302015,2000,2,,,30,
232302015,2004,2,,,100,
232302018,1997,2,,,30,
232302018,2000,2,,,25,
232302019,1997,2,,,100,
232303004,1997,2,,,35,
232303007,2006,2,,,150,
232303008,1997,2,,,20,
232303011,1997,2,,,50,
232303012,2000,2,,,80,
232303012,2004,2,,,100,
232303013,1997,2,,,30,
232303013,2000,2,,,50,
232303081,2004,2,,,,
232303081,2006,2,,,100,
232303101,2006,2,,,200,
232304001,1997,2,,,20,
232304001,2006,2,,,20,
232304002,2006,2,,,10,
232304003,1997,2,,,30,
232304003,2000,2,,,60,
232304006,1997,2,,,30,
232304007,1997,2,,,35,
232304007,2000,2,,,60,
232304008,1997,2,,,25,
232304008,2000,2,,,60,
232304009,1997,2,,,30,
232304010,1997,2,,,30,
232304010,2000,2,,,40,
232304010,2006,2,,,50,
232304011,1997,2,,,10,
232304014,1997,2,,,10,
232304016,2004,2,,,50,
232401001,1997,2,,,120,
232401006,1997,2,,,100,10
232401006,2000,2,,,40,10
232401008,1997,2,,,75,
232401008,2000,2,,,,
232401009,1997,2,,,200,10
232401010,1997,2,,,200,10
232401010,2000,2,,,80,
232401013,1997,2,,,300,10
232401013,2006,2,,,,11
232401082,2004,2,,,100,10
232401082,2006,2,,,200,
232402005,1997,2,,,30,
232402005,2004,2,,,200,
232402005,2006,2,,,150,
232402007,2004,2,,,100,
232402019,1997,2,,,,
232402061,2004,2,,,200,
232403003,1997,2,,,,
232403004,2000,2,,,,
232403004,2004,2,,,200,
232403012,1997,2,,,60,0
232403016,1997,2,,,,0
232403063,2000,2,,,30,0
232403064,2000,2,,,5,
232404001,1997,2,,,,
232404003,2000,2,,,,
232404004,1997,2,,,100,
232404004,2000,2,,,,
232404005,1997,2,,,100,
232404005,2000,2,,,,
232404014,1997,2,,,100,
232404019,2000,2,,,30,
232404020,1997,2,,,100,
321101003,1989,1,,0,15,
321101003,1993,1,,,20,0
321101006,1993,1,,,48,9
321101007,1989,1,7,6,15,
321101009,1989,1,24,6,0,
321101009,1991,1,,,40,
321101010,1989,1,8,6,0,30
321101010,1991,1,,,40,18
321101010,1993,1,,,,9
321101016,1989,1,,,,28
321101016,1991,1,,,60,20
321101017,1989,1,9,6,10,5.2
321101017,1991,1,,,70,
321102004,1997,1,,,20,
321102009,1989,1,,,,
321102010,2004,1,,,300,
321102010,2006,1,,,400,
321102011,1989,1,,,,
321102011,1993,1,,,10,8
321102012,1997,1,,,500,
321102013,2000,1,,,400,
321102015,2004,1,,,300,
321102017,2000,1,,,350,
321102019,2004,1,,,200,
321102020,1997,1,,,100,99
321102061,2000,1,,,500,
321102063,2000,1,,,,
321102064,2000,1,,,180,60
321103003,2000,1,,,100,
321103004,1993,1,,,,0
321103004,1997,1,,,,
321103006,1993,1,,,100,
321103007,2004,1,,,,60
321103007,2006,1,,,,60
321103010,1989,1,8,6,17,26
321103010,1991,1,,,60,26
321103017,2000,1,,,,
321103017,2004,1,,,300,
321103020,1997,1,,,,40
321103020,2000,1,,,,
321103041,1997,1,,,,50
321103041,2000,1,,,320,
321103042,1997,1,,,0,
321103042,2000,1,,,200,
321103061,2004,1,,,250,
321103081,2004,1,,,500,40
321103081,2006,1,,,,
321104002,1989,1,9,6,15,
321104004,1989,1,9,6,15,
321104004,1991,1,,,46,26
321104007,1989,1,,,30,
321104008,1989,1,,0,30,
321104008,1991,1,,,60,
321104010,2004,1,,,350,
321104011,2006,1,,,300,
321104015,1989,1,,,,
321104015,1993,1,,,,
321104015,2000,1,,,150,
321104017,1997,1,,,30,
321104018,1991,1,,,15,
321104019,1989,1,,0,0,0
321104019,1991,1,,,20,
321104081,2006,1,,,60,
321105004,2004,1,,,900,
321105004,2006,1,,,600,
321105014,2000,1,,,70,
321105014,2004,1,,,50,
321105018,2000,1,,,300,
321105019,2006,1,,,,
321201004,1989,1,6,6,,15
321201005,1989,1,6,6,34,12
321201005,1991,1,,,100,22
321201007,1989,1,10,7,90,
321201007,1991,1,,,60,
321201011,2006,1,,,200,
321201014,2004,1,,,,
321201014,2006,1,,,500,
321201016,1989,1,1,1,21,
321201017,1989,1,5,6,0,
321201017,1991,1,,,10,
321201017,1993,1,,,150,9
321201017,2006,1,,,,
321201041,1997,1,,,,
321201044,2000,1,,,200,
321201049,2000,1,,,,
321203001,2004,1,,,300,
321203002,2004,1,,,80,
321203003,2004,1,,,400,
321203003,2006,1,,,200,
321203004,1989,1,,,30,
321203006,1997,1,,,200,0
321203006,2000,1,,,200,
321203007,2000,1,,,150,
321203007,2004,1,,,150,
321203008,1997,1,,,60,
321203008,2000,1,,,200,30
321203009,1997,1,,,45,
321203009,2000,1,,,,
321203011,1997,1,,,,
321203011,2000,1,,,200,
321203012,1997,1,,,45,
321203013,1989,1,7,6,40,
321203015,2000,1,,,50,
321203017,1997,1,,,100,22
321203018,2006,1,,,300,
321203020,1989,1,4,4,70,8
321203041,1997,1,,,100,
321206003,2004,1,,,200,
321206004,1997,1,,,200,
321206004,2000,1,,,30,
321206005,2004,1,,,300,
321206011,2000,1,,,40,
321206012,2000,1,,,50,
321206016,1997,1,,,100,
321206019,1997,1,,,100,
321208005,1997,1,,,,
321208011,2000,1,,,,
321208011,2006,1,,,,
321208014,1997,1,,,80,
321208014,2000,1,,,,
321208015,2006,1,,,,
321208016,1997,1,,,90,0
321208016,2000,1,,,200,
321208019,1997,1,,,200,
321208019,2000,1,,,15,
321208020,2000,1,,,60,
322101001,1989,2,,,,
322101004,1989,2,,,,
322101008,1997,2,,,100,
322101009,1989,2,,,,
322101011,1997,2,,,100,
322101012,1989,2,,,,
322101015,1989,2,3,6,0,
322101016,1997,2,,,200,
322101018,1989,2,,,30,20
322101018,1991,2,,,60,
322101020,1989,2,,,,
322101041,1997,2,,,10,
322101043,1997,2,,,70,0
322101044,1997,2,,,70,
322101046,1997,2,,,12,
322102002,1989,2,,,20,
322102002,2006,2,,,50,
322102004,2006,2,,,200,
322102007,1993,2,,,,
322102008,1989,2,,0,,
322102009,1989,2,2,6,0,
322102010,1997,2,,,10,0
322102014,2000,2,,,20,
322102014,2006,2,,,100,
322102015,1993,2,,,,
322102017,2006,2,,,150,
322102018,1989,2,1,7,10,
322102018,1993,2,,,15,
322102018,1997,2,,,20,
322102019,1989,2,,,10,
322102019,1993,2,,,,9
322102031,1993,2,,,10,
322103001,2004,2,,,120,
322103002,1989,2,3,3,0,
322103006,1997,2,,,,
322103013,2004,2,,,300,
322103014,1997,2,,,10,0
322103016,1993,2,,,4,
322103017,2006,2,,,200,
322103018,1989,2,,,,
322103018,2006,2,,,400,
322104004,2000,2,,,15,
322104008,2004,2,,,100,
322104008,2006,2,,,,
322104010,2004,2,,,35,
322104011,2004,2,,,80,
322104061,2000,2,,,30,
322105002,2006,2,,,100,
322105003,2000,2,,,50,
322105005,2000,2,,,40,
322105006,2000,2,,,40,
322105007,2000,2,,,50,
322105007,2004,2,,,200,
322105012,2000,2,,,40,
322105017,2000,2,,,30,
322105020,2006,2,,,200,
322201002,1993,2,,,80,0
322201006,1989,2,5,6,,
322201006,1991,2,,,10,
322201006,1993,2,,,50,
322201007,1989,2,,,,2.5
322201007,1993,2,,,30,
322201008,1989,2,,1,,
322201008,1991,2,,,40,10
322201011,1989,2,,,,
322201012,1989,2,6,6,80,8
322201013,1989,2,,0,1,
322201013,1991,2,,,50,10
322201013,1993,2,,,,
322201014,1993,2,,,,
322201017,1993,2,,,,
322202001,2004,2,,,70,
322202001,2006,2,,,60,
322202004,1989,2,7,6,10,
322202007,1997,2,,,150,
322202009,1997,2,,,,
322202009,2000,2,,,,
322202010,1989,2,,,,
322202010,1997,2,,,8,0
322202011,2004,2,,,60,
322202018,2000,2,,,100,
322202018,2004,2,,,50,
322202019,1993,2,,,45,
322202031,1997,2,,,70,
322202032,1993,2,,,10,
322203002,2004,2,,,100,
322203002,2006,2,,,200,
322203003,1993,2,,,4,
322203004,1989,2,4,2,5,
322203004,1991,2,,,10,
322203004,2006,2,,,300,
322203007,2004,2,,,120,40
322203009,1989,2,,,120,
322203009,2006,2,,,,
322203010,2004,2,,,150,
322203010,2006,2,,,300,
322203014,2004,2,,,50,
322203015,1989,2,5,6,4,
322203017,1989,2,,,30,
322203017,1991,2,,,40,
322203017,1993,2,,,,
322203019,1989,2,,,,
322203019,1993,2,,,20,
322203020,1989,2,,,,
322203031,1993,2,,,6,
322203031,2000,2,,,10,
322203042,1997,2,,,45,
322203061,2000,2,,,60,
322204002,2006,2,,,150,
322204003,1989,2,10,6,,
322204003,1991,2,,,30,
322204003,1993,2,,,10,
322204003,2006,2,,,300,
322204012,2000,2,,,45,
322204016,1991,2,,,5,
322204020,1993,2,,,10,
322204041,1997,2,,,50,0
322204081,2006,2,,,200,
322205001,2000,2,,,250,
322205017,1997,2,,,100,
322205017,2000,2,,,200,15
322209002,2006,2,,,,30
322209019,2004,2,,,400,
322209019,2006,2,,,120,
322301003,1989,2,,,20,4
322301003,1991,2,,,60,10
322301004,1989,2,,,10,
322301004,1993,2,,,66,
322301010,1989,2,,,17,4
322301011,1989,2,7,3,60,
322301013,1989,2,8,5,50,
322301018,1989,2,,,,
322301018,1991,2,,,50,
322302002,1989,2,5,7,10,
322302002,1993,2,,,30,
322302004,2004,2,,,100,
322302004,2006,2,,,200,
322302006,1989,2,2,4,10,
322302009,1989,2,,,15,
322302011,1997,2,,,60,
322302011,2000,2,,,100,
322302014,1997,2,,,50,
322302016,1989,2,,,10,
322302016,1993,2,,,20,
322302017,1989,2,,,10,
322302018,1989,2,,,50,
322302019,1989,2,,,30,
322302019,1993,2,,,20,
322302020,1989,2,8,3,10,
322302061,2000,2,,,80,
322302061,2004,2,,,70,
322303005,1989,2,,,40,
322303005,1993,2,,,15,
322303009,1989,2,4,5,4,
322303009,1993,2,,,21,
322303010,1989,2,2,2,10,
322303013,1989,2,,,20,
322303016,1989,2,,,10,
322303018,1991,2,,,30,
322303020,1997,2,,,60,
322303020,2000,2,,,,
322303061,2000,2,,,100,
322304001,1989,2,2,3,10,
322304002,1989,2,2,3,10,
322304006,1989,2,,,10,
322304011,1997,2,,,100,
322304011,2000,2,,,150,
322304011,2004,2,,,50,
322304012,1989,2,6,7,10,
322304013,2004,2,,,300,
322304016,1997,2,,,50,
322304019,1989,2,0,0,15,
322304041,1997,2,,,100,
322304041,2000,2,,,150,
322304062,2000,2,,,60,
322305001,1997,2,,,100,
322305001,2000,2,,,300,
322305002,1997,2,,,100,
322305004,1997,2,,,200,
322305005,1997,2,,,100,
322305006,1997,2,,,150,15
322305007,1997,2,,,300,20
322305008,1997,2,,,200,20
322305010,1997,2,,,100,15
322305013,1997,2,,,300,
322305014,1997,2,,,100,
322305019,1997,2,,,100,
322305020,1997,2,,,15,
322305020,2000,2,,,400,25
322305062,2004,2,,,200,20
322305062,2006,2,,,200,
322401003,1993,2,,,40,9
322401007,1989,2,,,,
322401011,1989,2,,0,30,
322401011,1991,2,,,23,10
322401011,1993,2,,,40,9
322401012,1993,2,,,40,
322401012,1997,2,,,100,
322401018,1989,2,,0,10,
322401018,1991,2,,,40,20
322401018,1993,2,,,40,9
322401019,1993,2,,,40,9
322401041,1997,2,,,80,0
322401042,1997,2,,,100,
322401061,2000,2,,,200,
322401103,2006,2,,,,
322402001,1989,2,,,20,
322402001,1993,2,,,,
322402001,1997,2,,,,
322402001,2000,2,,,40,
322402002,1989,2,6,6,20,
322402004,1997,2,,,,
322402004,2000,2,,,40,
322402006,1989,2,1,2,10,
322402006,1993,2,,,20,
322402006,1997,2,,,,
322402006,2000,2,,,40,
322402007,1989,2,10,5,40,
322402007,1993,2,,,10,
322402007,2006,2,,,200,
322402008,1993,2,,,5,
322402008,1997,2,,,,
322402008,2000,2,,,80,
322402009,1989,2,2,2,10,
322402010,1993,2,,,10,
322402010,1997,2,,,,
322402011,1993,2,,,60,
322402012,1993,2,,,30,
322402012,2000,2,,,10,
322402013,1989,2,6,6,10,
322402014,1989,2,,,15,
322402014,1993,2,,,,
322402015,1989,2,,,20,
322402015,1993,2,,,10,
322402016,1989,2,,,20,
322402016,1993,2,,,40,
322402017,1997,2,,,,
322402017,2000,2,,,120,
322402019,1989,2,,,10,
322402020,2000,2,,,40,
322402020,2004,2,,,140,
322402020,2006,2,,,50,
322403001,1993,2,,,15,
322403002,2000,2,,,,
322403004,1989,2,5,7,30,
322403004,1991,2,,,,10
322403004,1993,2,,,40,
322403005,1989,2,,,30,
322403010,1989,2,,,10,
322403014,1989,2,,0,30,
322403014,1993,2,,,10,
322403015,2000,2,,,,0
322403018,1993,2,,,15,
322403018,1997,2,,,80,
322403019,1993,2,,,20,
322404001,1989,2,8,6,20,
322404004,1993,2,,,23,
322404006,1989,2,4,7,20,
322404007,2000,2,,,150,
322404010,1989,2,6,6,50,
322404011,1993,2,,,10,
322404011,1997,2,,,150,
322404013,2000,2,,,60,
322404014,2006,2,,,150,
322404018,1989,2,,,30,
322404018,1993,2,,,20,
322404020,1993,2,,,22,
322404042,2000,2,,,60,
371101001,1989,1,,,,
371101003,1989,1,,,,
371101003,1991,1,,,7,7
371101004,1989,1,,,,
371101012,1989,1,,,,
371101012,1991,1,,,20,
371101013,1989,1,,,,
371101017,1989,1,,0,,30
371101019,1989,1,8,6,50,13
371101019,1991,1,,,50,7
371102001,1989,1,,,,
371102001,1991,1,,,60,0
371102003,1989,1,,,,5
371102009,1989,1,,,45,
371102009,1991,1,,,20,
371102009,1993,1,,,43,8
371102011,1989,1,,0,,
371102011,1991,1,,,31,0
371102014,1989,1,8,6,12,12
371102020,1989,1,24,7,51,
371102020,1991,1,,,15,6
371102067,2006,1,,,550,
371103003,1989,1,,,,
371103003,1991,1,,,80,14
371103004,1989,1,8,0,,
371103004,1991,1,,,50,
371103006,1993,1,,,40,4
371103008,1989,1,3,6,0,
371103008,1991,1,,,60,14
371103009,1989,1,4,6,0,
371103009,1991,1,,,50,12
371103010,2000,1,,,100,
371103010,2004,1,,,,
371103010,2006,1,,,120,
371103020,1989,1,8,6,0,
371103020,1991,1,,,60,0
371103020,1993,1,,,200,0
371103042,1997,1,,,300,0
371103062,2000,1,,,400,30
371103087,2006,1,,,200,15
371104001,1989,1,,,,
371104004,1989,1,,,,
371104004,1993,1,,,120,9
371104005,1989,1,,,,
371104005,1991,1,,,100,
371104008,1997,1,,,150,70
371104010,1989,1,5,3,0,
371104010,1991,1,,,15,12
371104013,1993,1,,,60,
371104018,1989,1,8,7,0,
371104018,1993,1,,,50,
371105004,2000,1,,,100,
371105004,2004,1,,,150,
371105008,1997,1,,,200,
371105016,2006,1,,,,
371105102,2006,1,,,,
371108004,2000,1,,,200,
371108005,2006,1,,,,
371108101,2006,1,,,100,
371201006,1989,1,,,,
371201017,1989,1,,,,
371201018,1989,1,,,30,5
371201018,1991,1,,,50,
371201046,1997,1,,,,
371201064,2004,1,,,500,
371201082,2004,1,,,80,
371201084,2004,1,,,,
371202001,1989,1,,0,50,5
371202001,1991,1,,,32,0
371202001,1993,1,,,120,0
371202002,1989,1,5,6,3,
371202004,1989,1,,,,
371202005,1989,1,,,30,
371202007,1989,1,6,7,40,
371202007,1991,1,,,2,0
371202015,1997,1,,,200,0
371202041,1997,1,,,50,
371202041,2000,1,,,30,
371202047,1997,1,,,30,
371202048,1997,1,,,80,
371202049,1997,1,,,160,20
371202082,2004,1,,,,
371202082,2006,1,,,240,
371202083,2004,1,,,200,
371202102,2006,1,,,200,
371203006,1991,1,,,15,
371203011,1989,1,,,40,
371203016,1989,1,,0,5,
371203017,1989,1,,0,10,
371203020,1989,1,,0,10,
371203041,2006,1,,,100,
371203042,1997,1,,,500,
371203042,2000,1,,,260,65
371203058,2006,1,,,100,
371203081,2004,1,,,200,
371203081,2006,1,,,,
371203082,2006,1,,,300,
371203102,2006,1,,,100,
371204002,1989,1,,,,
371204002,1991,1,,,75,
371204002,1993,1,,,20,0
371204005,1997,1,,,12,
371204007,1989,1,6,6,20,
371204009,1989,1,12,7,60,
371204012,1989,1,,,,
371204045,2000,1,,,200,0
371204102,2006,1,,,,10
372101001,1991,2,,,30,
372101001,1993,2,,,,9
372101004,1989,2,,,,
372101004,1997,2,,,,
372101004,2000,2,,,200,
372101005,1991,2,,,40,0
372101006,1989,2,,0,30,
372101008,1989,2,0,0,30,
372101010,1989,2,,,,
372101011,1989,2,,0,60,
372101011,1991,2,,,20,0
372101012,1989,2,,,,
372101014,1989,2,,,30,5
372101014,1991,2,,,20,
372101017,1989,2,,0,15,
372101017,1993,2,,,30,
372101017,2004,2,,,200,
372101018,1989,2,,,40,
372101019,1989,2,,,30,
372102001,1989,2,,0,0,
372102002,1989,2,,,,
372102003,1989,2,,0,0,
372102004,1989,2,,,,
372102009,1991,2,,,5,
372102011,1989,2,,,40,
372102012,2004,2,,,,5
372102018,1989,2,,0,30,
372102018,1993,2,,,30,0
372102020,1993,2,,,70,0
372102081,2004,2,,,,
372103001,1989,2,,,,
372103003,1989,2,,,,
372103004,1989,2,,,,
372103006,1989,2,1,6,5,
372103008,1989,2,12,7,0,
372103009,2000,2,,,,
372103010,2000,2,,,,
372103017,1989,2,,,10,
372103017,2000,2,,,10,
372103018,1989,2,6,2,10,
372103019,1989,2,2,1,20,
372103020,1989,2,24,5,20,
372104001,1989,2,,0,20,
372104001,1991,2,,,15,0
372104004,1997,2,,,0,
372104008,1989,2,,0,20,
372104008,1991,2,,,30,
372104009,1989,2,,,,
372104009,1991,2,,,40,
372104011,2004,2,,,30,
372104012,2004,2,,,30,
372104013,1991,2,,,9,
372104014,1989,2,,,40,
372104015,1989,2,,,23,
372104017,1989,2,,,30,
372104018,1989,2,,,50,
372104019,1989,2,,,30,
372104020,1989,2,,,30,
372104101,2006,2,,,30,
372201003,2000,2,,,120,
372201004,1989,2,,,,
372201006,1997,2,,,,
372201006,2000,2,,,,
372201008,1989,2,,0,20,
372201009,1989,2,,0,,
372201010,1989,2,,0,,
372201011,2004,2,,,,
372201012,1989,2,,,,
372201013,1989,2,,,,
372201013,1997,2,,,100,0
372201014,1989,2,,,,
372201016,1989,2,,,,
372201017,1989,2,,,,
372201018,1989,2,,,,
372201019,1989,2,,,,
372201020,1989,2,,0,,
372201081,2004,2,,,,
372201081,2006,2,,,,
372201082,2004,2,,,,
372202001,2000,2,,,,
372202003,1989,2,,,,
372202007,2006,2,,,,
372202008,2006,2,,,,
372202012,1989,2,,0,0,
372202014,1989,2,,0,0,
372202015,1989,2,,0,,
372202016,1989,2,,,20,
372202018,2000,2,,,,
372202019,2000,2,,,,
372203002,1989,2,,,,
372203004,1989,2,,,,
372203009,2000,2,,,,
372203013,2000,2,,,,
372203015,1989,2,,0,5,
372203016,1989,2,,,20,
372203017,2000,2,,,,
372203019,1989,2,,,45,
372204003,2006,2,,,,
372204004,1997,2,,,99,
372204004,2000,2,,,,
372204005,2006,2,,,,
372204006,2006,2,,,,
372204016,1989,2,,,30,
372204019,2006,2,,,,
372204020,2006,2,,,,
372301001,1989,2,,,,
372301001,1993,2,,,140,9
372301002,1989,2,,,,
372301003,1997,2,,,50,
372301003,2006,2,,,70,
372301007,1989,2,,,,
372301007,1991,2,,,10,
372301009,1989,2,24,7,0,
372301009,1991,2,,,40,
372301010,1993,2,,,26,
372301011,1993,2,,,100,
372301013,2000,2,,,30,
372301014,1993,2,,,,
372301015,1991,2,,,30,
372301015,1993,2,,,80,0
372301016,1997,2,,,100,
372301018,1989,2,24,7,0,0
372301018,1991,2,,,0,
372301020,1989,2,8,7,0,
372301061,2000,2,,,,
372302001,1989,2,,,,
372302001,1993,2,,,50,
372302003,1997,2,,,100,
372302003,2006,2,,,100,
372302005,1989,2,,,,
372302006,1993,2,,,,
372302007,1989,2,,,40,
372302009,1989,2,12,7,5,
372302009,1993,2,,,,
372302011,2004,2,,,50,
372302012,1989,2,,,3,
372302012,2004,2,,,,
372302013,2004,2,,,50,
372302015,1997,2,,,,
372302016,1997,2,,,6,
372302019,1993,2,,,30,0
372302020,1993,2,,,,0
372302042,1997,2,,,60,0
372302043,2006,2,,,150,
372302103,2006,2,,,100,
372303002,1989,2,,,,
372303004,1989,2,,,,
372303005,1989,2,,,,
372303005,1993,2,,,35,
372303006,1997,2,,,30,
372303006,2000,2,,,40,
372303012,1997,2,,,50,
372303013,1989,2,,,,
372303016,1989,2,8,6,2,
372303018,2006,2,,,100,
372303019,1989,2,8,6,2,
372303042,1997,2,,,16,
372303042,2006,2,,,200,
372303081,2004,2,,,165,
372303081,2006,2,,,100,
372303101,2006,2,,,67,
372304010,1997,2,,,60,
372304010,2000,2,,,30,
372304012,1989,2,24,6,,
372304012,1991,2,,,30,
372304012,1993,2,,,8,
372304014,1989,2,24,6,0,
372304014,1991,2,,,12,
372304016,1989,2,,,,
372304031,2004,2,,,100,
372304041,2004,2,,,60,
372304044,1997,2,,,,
372401001,1989,2,,,,
372401002,1989,2,12,7,30,
372401002,1991,2,,,5,15
372401002,1993,2,,,,
372401003,1989,2,24,7,0,
372401003,1991,2,,,5,15
372401003,1993,2,,,,
372401005,1989,2,,,0,30
372401006,1989,2,,,60,
372401007,1989,2,,,80,
372401008,1989,2,14,7,0,
372401008,1991,2,,,5,15
372401008,1993,2,,,,0
372401009,1989,2,,,27,
372401010,1989,2,24,7,30,
372401010,1991,2,,,20,10
372401013,1989,2,7,7,30,20
372401013,1991,2,,,60,20
372401016,1991,2,,,80,
372401016,1993,2,,,80,4
372401017,1989,2,8,4,0,
372401017,1991,2,,,90,
372401017,1993,2,,,,4
372401018,1989,2,24,7,0,
372401019,1989,2,24,7,5,
372401019,1991,2,,,100,
372401019,1993,2,,,,4
372401020,1989,2,,,10,
372402006,1989,2,1,1,0,
372402006,1991,2,,,30,
372402009,1989,2,1,2,0,
372402010,2006,2,,,100,
372402014,1989,2,8,7,0,
372402014,1991,2,,,30,0
372402017,1989,2,,,,
372402018,1989,2,,,20,
372402018,1991,2,,,40,
372402020,1989,2,12,6,32,
372402020,1991,2,,,18,
372402020,1997,2,,,15,
372403001,1989,2,,0,0,
372403001,1997,2,,,30,
372403001,2000,2,,,35,0
372403003,1989,2,2,4,23,
372403003,1991,2,,,40,
372403004,1989,2,,,,
372403005,1989,2,,,,
372403005,1991,2,,,60,
372403006,1989,2,20,7,20,0
372403006,1991,2,,,60,
372403007,1989,2,,0,15,
372403010,1989,2,1,1,20,
372403010,1991,2,,,150,
372403012,1989,2,,,,
372403013,1989,2,6,6,,
372403014,1989,2,,,15,
372403015,1989,2,,,0,
372403016,1989,2,6,6,1,
372403016,1993,2,,,20,9
372403019,1989,2,8,6,50,
372403020,1989,2,6,6,,
372403043,1997,2,,,30,
372403043,2000,2,,,12,0
372403045,2000,2,,,12,
372404001,1989,2,6,,,
372404001,1991,2,,,20,
372404001,1993,2,,,,
372404002,1989,2,3,4,4,
372404002,1991,2,,,15,
372404002,1997,2,,,50,
372404002,2000,2,,,,
372404003,1993,2,,,,
372404003,1997,2,,,,
372404005,1991,2,,,20,
372404005,1993,2,,,,
372404011,1989,2,,,,
372404011,1991,2,,,10,
372404014,1989,2,,,5,
372404016,1989,2,1,0,,
372404016,1991,2,,,10,
372404017,1989,2,8,7,4,
372404018,1989,2,7,7,,
372404019,1989,2,7,7,,
372404041,2000,2,,,100,
411101001,1989,1,8,6,0,
411101002,1989,1,7,6,5,
411101004,1989,1,6,6,50,
411101011,1989,1,,,,2
411101018,1989,1,10,6,3,3
411101019,1989,1,24,,,
411101019,1991,1,,,50,
411101019,1993,1,,,53,
411101092,2004,1,,,450,
411102001,1989,1,,,,
411102002,1989,1,,,,
411102003,1989,1,,,,
411102004,1989,1,1,1,,
411102004,1991,1,,,40,0
411102006,1989,1,12,6,60,5
411102006,1991,1,,,100,
411102007,1989,1,,,60,5
411102007,1997,1,,,200,
411102008,1989,1,,,12,5
411102009,1989,1,,,50,
411102010,1989,1,,,,
411102011,1989,1,,,,10
411102013,1989,1,,,,6
411102013,1991,1,,,42,9
411102014,1989,1,9,6,15,
411102017,1989,1,10,7,70,
411102017,1991,1,,,100,30
411102017,1993,1,,,75,
411102018,1989,1,,1,40,
411102018,1991,1,,,100,12
411102019,1989,1,,,80,
411102019,1991,1,,,50,19
411102020,1989,1,,,,6
411102020,1991,1,,,110,
411102042,1997,1,,,140,
411102081,2006,1,,,400,
411103003,1989,1,,,5,
411103003,1993,1,,,,
411103004,1989,1,,,60,
411103005,1997,1,,,70,
411103005,2004,1,,,100,
411103006,2000,1,,,100,0
411103008,1989,1,2,2,0,
411103012,1989,1,,,10,
411103012,1993,1,,,,
411103013,1989,1,,,,
411103015,2000,1,,,,
411103015,2004,1,,,180,
411103016,2006,1,,,,
411103018,1989,1,,,30,
411103018,1991,1,,,15,
411103019,1989,1,,,30,
411103041,2004,1,,,50,
411103043,2000,1,,,30,
411103101,2006,1,,,,
411104006,2000,1,,,,
411104010,1989,1,,,,
411104011,1989,1,1,0,40,
411104012,1989,1,,,,
411104012,1997,1,,,6,
411104019,1989,1,,0,50,
411104020,1989,1,4,6,15,
411104043,2000,1,,,120,
411108016,2004,1,,,400,
411108018,2004,1,,,,
411201002,1989,1,10,6,5,
411201002,1991,1,,,30,
411201003,1989,1,,0,10,
411201004,1989,1,,,50,
411201005,1989,1,9,6,80,
411201005,1991,1,,,50,30
411201006,1989,1,4,2,15,
411201006,1991,1,,,40,
411201008,1991,1,,,0,
411201008,2004,1,,,,
411201010,1989,1,7,6,80,5
411201010,1993,1,,,1,9
411201011,1989,1,7,6,90,20
411201011,1991,1,,,13,
411201012,1997,1,,,200,
411201012,2000,1,,,140,
411201013,1997,1,,,100,
411201013,2000,1,,,,
411201013,2004,1,,,150,
411201014,1993,1,,,100,5
411201017,1989,1,10,6,50,
411201017,1991,1,,,45,
411201019,1989,1,,0,35,
411201020,1989,1,,0,15,
411201020,1991,1,,,40,0
411201042,2000,1,,,,
411201042,2004,1,,,60,
411201085,2004,1,,,200,
411201087,2004,1,,,150,
411202001,1997,1,,,20,0
411202001,2000,1,,,100,5
411202002,1989,1,8,6,10,
411202002,1991,1,,,10,
411202002,1993,1,,,0,
411202004,1989,1,,,10,
411202004,1997,1,,,20,
411202005,1989,1,,,0,
411202005,1991,1,,,11,0
411202005,1993,1,,,30,
411202006,2004,1,,,100,
411202008,1989,1,2,1,30,
411202008,1991,1,,,60,0
411202009,2004,1,,,200,
411202009,2006,1,,,200,
411202012,1989,1,,0,0,
411202012,1991,1,,,10,
411202012,2004,1,,,200,
411202013,1989,1,,,10,2.5
411202013,1991,1,,,60,
411202017,1997,1,,,,
411202017,2000,1,,,200,
411202018,1997,1,,,150,0
411202018,2000,1,,,100,
411202020,1993,1,,,0,
411202020,1997,1,,,,0
411202043,2006,1,,,,
411202061,2004,1,,,50,
411202062,2004,1,,,,
411202083,2004,1,,,70,
411202083,2006,1,,,200,
411202085,2004,1,,,,
411202086,2004,1,,,50,
411202087,2004,1,,,100,
411203005,2006,1,,,50,
411203007,1989,1,,2,10,
411203008,2006,1,,,30,
411203012,1989,1,24,7,0,
411203013,1989,1,,0,0,
411203014,1989,1,,,0,
411203015,1989,1,,,0,
411203041,2004,1,,,100,
411203081,2004,1,,,120,
411204002,1991,1,,,10,
411204003,2000,1,,,,
411204003,2004,1,,,,
411204004,1989,1,,,45,
411204005,2004,1,,,10,
411204006,1989,1,,,0,
411204007,1989,1,2,7,10,
411204010,2004,1,,,50,
411204011,1991,1,,,10,
411204011,2004,1,,,300,
411204011,2006,1,,,10,
411204015,1991,1,,,10,
411204042,1997,1,,,16,
412101004,1989,2,,,,
412101005,1993,2,,,8,
412101007,1993,2,,,,
412101010,1989,2,,,,
412101011,2004,2,,,,
412101013,2006,2,,,50,
412101014,1989,2,,,,
412101014,1993,2,,,,
412101015,1989,2,,,,
412101017,2004,2,,,,
412101018,2004,2,,,130,
412101019,2006,2,,,200,
412101020,1989,2,,,,
412101041,1997,2,,,100,
412101042,2006,2,,,170,
412101044,2006,2,,,200,
412101049,2004,2,,,200,
412101049,2006,2,,,10,
412101051,2004,2,,,120,
412101052,2004,2,,,70,
412102003,1991,2,,,3,
412102004,2004,2,,,10,
412102004,2006,2,,,10,
412102007,2004,2,,,20,
412102008,2004,2,,,,
412102009,1989,2,,0,0,
412102010,1989,2,,,,
412102011,1989,2,,,,
412102015,1989,2,,,,
412102016,1993,2,,,2,
412102018,1993,2,,,2,
412102020,1993,2,,,2,
412102063,2000,2,,,6,
412102063,2004,2,,,,
412103001,2006,2,,,50,
412103003,2000,2,,,60,0
412103005,2004,2,,,,
412103006,2004,2,,,30,
412103006,2006,2,,,150,
412103008,2004,2,,,60,
412103008,2006,2,,,30,
412103010,2000,2,,,20,
412103010,2004,2,,,20,
412103011,2000,2,,,10,
412103011,2004,2,,,20,
412103012,1991,2,,,2,
412103013,2004,2,,,20,
412103014,2000,2,,,10,
412103014,2004,2,,,200,
412103015,2000,2,,,30,
412103015,2004,2,,,30,
412103015,2006,2,,,100,
412103018,2000,2,,,20,
412103019,2006,2,,,40,
412103041,2004,2,,,60,
412103041,2006,2,,,50,
412103101,2006,2,,,30,
412104001,1989,2,,,,
412104002,2000,2,,,1,
412104005,2000,2,,,1,
412104005,2004,2,,,200,
412104005,2006,2,,,,
412104006,2006,2,,,,
412104008,1989,2,,,,
412104010,2000,2,,,50,
412104010,2004,2,,,20,
412104012,2000,2,,,,
412104016,1997,2,,,20,
412104017,1997,2,,,9,
412104020,1989,2,,,,
412104041,2000,2,,,30,
412104083,2004,2,,,20,
412201001,1989,2,12,7,0,
412201004,1989,2,,,,
412201004,1993,2,,,8,
412201007,2000,2,,,30,
412201008,1989,2,,,,
412201009,1993,2,,,20,
412201009,2000,2,,,10,
412201010,2000,2,,,20,
412201013,1989,2,,,,
412201015,1993,2,,,,0
412201016,2000,2,,,60,
412201017,1991,2,,,30,
412201017,1993,2,,,7,
412201020,1989,2,10,6,15,
412202004,1997,2,,,,
412202006,1997,2,,,,
412202007,1993,2,,,7,
412202013,1989,2,6,5,0,
412202014,1989,2,2,7,30,
412202015,1993,2,,,13,0
412202017,1989,2,,0,15,
412202020,2004,2,,,30,
412202031,1997,2,,,,
412202041,1997,2,,,30,
412202041,2000,2,,,,
412203001,1989,2,6,7,0,
412203005,1989,2,1,5,0,
412203006,1993,2,,,15,
412203011,1989,2,9,6,0,
412203011,1991,2,,,2,
412203016,1989,2,1,1,0,
412203019,2004,2,,,500,
412203019,2006,2,,,25,
412203047,2000,2,,,,
412203047,2004,2,,,,
412203063,2000,2,,,100,
412203064,2000,2,,,10,
412203082,2004,2,,,70,
412203082,2006,2,,,30,
412203088,2004,2,,,,
412203101,2006,2,,,30,
412204001,1997,2,,,,
412204002,1989,2,,,,
412204003,1989,2,,,,
412204005,1991,2,,,5,
412204011,1989,2,2,3,0,
412204012,1989,2,8,5,0,
412204014,2000,2,,,10,
412204018,2004,2,,,180,
412204018,2006,2,,,100,
412204019,1993,2,,,3,
412204020,1993,2,,,,
412204031,1993,2,,,10,
412204061,2000,2,,,20,
412204081,2004,2,,,70,
412204081,2006,2,,,20,
412301001,2000,2,,,30,
412301002,1989,2,2,2,1,
412301004,1993,2,,,,
412301006,1989,2,24,7,,
412301011,2004,2,,,50,
412301016,1989,2,,,30,
412301101,2006,2,,,60,
412302004,2000,2,,,,
412302005,1989,2,,,,
412302005,2006,2,,,,
412302007,1989,2,,,15,
412302008,1989,2,,,30,
412302008,2004,2,,,20,
412302013,2004,2,,,60,
412302015,2000,2,,,,
412302015,2004,2,,,30,
412302016,2000,2,,,,
412302016,2004,2,,,20,
412302020,1989,2,,,0,
412303001,2000,2,,,10,
412303001,2004,2,,,30,
412303002,2006,2,,,300,
412303005,1989,2,1,2,15,
412303013,2000,2,,,,
412303014,1989,2,2,2,10,
412303014,2000,2,,,,
412303014,2004,2,,,100,
412303017,2000,2,,,,
412303018,1989,2,3,,18,
412303018,2000,2,,,20,
412303019,2000,2,,,,
412303020,1989,2,,,17,
412303061,2000,2,,,15,
412304005,1989,2,3,,5,
412304011,1991,2,,,62,
412304013,1989,2,5,7,,
412304015,2000,2,,,20,
412304016,1989,2,,,,
412304017,2000,2,,,,
412304017,2006,2,,,15,
412304020,1989,2,,,,
412304061,2000,2,,,30,
412304082,2006,2,,,,
412401001,1989,2,7,6,15,
412401002,1989,2,7,6,15,
412401003,2006,2,,,200,
412401004,1989,2,7,6,15,
412401006,1993,2,,,,
412401007,1997,2,,,50,
412401007,2000,2,,,,
412401007,2004,2,,,200,
412401008,2006,2,,,100,
412401011,1989,2,,,,
412401011,1993,2,,,15,
412401012,1993,2,,,45,
412401012,2006,2,,,20,
412401013,1989,2,7,6,20,
412401015,2004,2,,,260,
412401016,1989,2,,,,
412401017,1989,2,,,,
412401018,1989,2,,,,
412401018,2006,2,,,50,
412401019,2006,2,,,100,
412401032,1993,2,,,,
412401032,1997,2,,,20,
412401032,2000,2,,,240,
412401061,2000,2,,,,
412401061,2006,2,,,60,
412402001,1989,2,7,7,0,
412402003,1989,2,6,2,0,
412402004,2004,2,,,20,
412402007,1989,2,,,,
412402008,1989,2,,0,,
412402009,1989,2,2,2,,
412402010,2000,2,,,30,
412402014,1989,2,4,6,20,
412402017,2006,2,,,,
412402019,2006,2,,,100,
412402031,2000,2,,,30,
412402081,2006,2,,,150,
412402082,2006,2,,,200,
412402083,2006,2,,,150,
412403001,2000,2,,,30,0
412403004,2006,2,,,60,
412403007,1997,2,,,20,
412403008,1997,2,,,20,
412403009,2004,2,,,160,
412403009,2006,2,,,30,
412403010,2006,2,,,100,
412403012,2006,2,,,50,
412403013,2000,2,,,15,0
412403015,1989,2,6,7,20,
412403015,2006,2,,,30,
412403017,2000,2,,,10,
412403018,2000,2,,,10,
412403018,2004,2,,,70,
412403018,2006,2,,,100,
412403019,2006,2,,,50,
412403020,1989,2,6,2,0,
412404001,1993,2,,,10,
412404008,1989,2,,,,
412404008,2000,2,,,5,0
412404008,2006,2,,,60,
412404010,2004,2,,,50,
412404015,1997,2,,,0,
412404015,2000,2,,,50,0
412404015,2006,2,,,60,
412404018,2006,2,,,10,
412404019,2000,2,,,5,0
412404032,2004,2,,,60,
412404032,2006,2,,,100,
412404042,1997,2,,,15,
421101009,1989,1,8,6,20,
421101010,2004,1,,,100,
421101013,1989,1,8,6,30,
421101013,1991,1,,,16,
421101014,1989,1,9,6,25,1
421101014,1991,1,,,5,0
421101015,2004,1,,,120,
421101016,1989,1,7,6,35,1
421101016,1997,1,,,100,
421101016,2000,1,,,,0
421101017,1989,1,8,6,20,
421101018,2000,1,,,200,
421101041,1997,1,,,400,
421101041,2000,1,,,400,15
421101042,1997,1,,,,
421101042,2000,1,,,120,
421102003,2006,1,,,50,
421102006,1989,1,,,20,20
421102009,1989,1,8,6,20,
421102010,1989,1,8,6,30,
421102017,1989,1,8,6,50,25
421102042,2006,1,,,200,
421103001,1997,1,,,,
421103001,2000,1,,,,
421103002,1989,1,10,7,15,
421103006,1989,1,,,0,
421103007,2000,1,,,,
421103009,1989,1,,,,
421103010,2000,1,,,,
421103011,1997,1,,,,
421103011,2000,1,,,,
421103011,2006,1,,,50,
421103014,1989,1,,,0,
421103014,1991,1,,,30,
421103014,1993,1,,,,
421103015,2004,1,,,100,
421103016,1989,1,,,,
421103016,1991,1,,,60,0
421103017,2004,1,,,100,
421103017,2006,1,,,100,
421103018,1989,1,,,0,
421103018,1997,1,,,40,
421103018,2000,1,,,100,
421104001,1989,1,,,15,
421104001,1991,1,,,60,
421104002,1989,1,,5,60,
421104003,1989,1,,,30,
421104004,1989,1,,,30,
421104006,1991,1,,,30,7
421104006,1993,1,,,30,
421104007,1989,1,,,15,
421104007,1993,1,,,0,
421104007,1997,1,,,120,
421104008,1989,1,,,15,
421104008,1993,1,,,25,
421104009,1989,1,,,,
421104012,1989,1,,,0,
421104012,1993,1,,,,
421104013,1989,1,,,30,
421104013,1993,1,,,36,
421104014,1989,1,,,,
421104015,1989,1,,,0,
421104015,1993,1,,,40,
421104016,2004,1,,,200,
421104016,2006,1,,,,
421104017,1989,1,8,6,30,
421104017,1991,1,,,25,0
421104018,1989,1,,,20,
421104020,1989,1,3,7,100,
421104020,1993,1,,,28,
421104041,2004,1,,,300,
421104041,2006,1,,,200,
421201002,1993,1,,,27,
421201007,2000,1,,,150,
421201007,2004,1,,,200,
421201007,2006,1,,,500,
421201009,1989,1,8,6,60,3.3
421201011,1989,1,6,5,50,3.3
421201011,1993,1,,,400,
421201012,2006,1,,,600,
421201013,1989,1,8,6,70,3.3
421201013,1993,1,,,200,
421201013,2004,1,,,200,
421201013,2006,1,,,500,
421201015,1989,1,12,2,90,3
421201017,1989,1,8,6,40,3.3
421202002,1991,1,,,30,20
421202003,1993,1,,,70,40
421202004,2004,1,,,100,
421202004,2006,1,,,10,
421202006,1993,1,,,50,2
421202012,1989,1,,,30,
421202012,1991,1,,,35,10
421202012,1993,1,,,25,9
421202013,1993,1,,,80,30
421202015,1989,1,8,6,20,0
421202015,1991,1,,,20,
421202016,1997,1,,,96,25
421202017,2004,1,,,50,
421202018,1989,1,6,6,50,
421202018,1991,1,,,15,5
421202018,2004,1,,,5,
421202020,1989,1,,,20,
421202020,1993,1,,,,20
421203001,2006,1,,,10,
421203002,1989,1,24,7,40,
421203002,2004,1,,,180,
421203004,1989,1,1,5,0,
421203006,1989,1,,,20,
421203011,1989,1,2,7,20,
421203012,2006,1,,,400,
421203013,1989,1,,,,
421203014,2006,1,,,240,
421203016,2006,1,,,150,
421203044,1997,1,,,100,
421203101,2006,1,,,300,
421204002,1989,1,6,6,40,0
421204002,1991,1,,,10,
421204003,1989,1,,0,20,0
421204007,1989,1,6,6,5,
421204009,1989,1,2,7,50,
421204011,1989,1,6,6,40,
421204014,1989,1,7,7,0,
421204017,1989,1,6,6,20,
421204018,1989,1,,,,
421204019,1989,1,6,6,20,
421204061,2000,1,,,60,
422101002,1989,2,,,,
422101002,1997,2,,,30,
422101004,2004,2,,,50,
422101006,1989,2,8,6,25,
422101008,1989,2,,,,
422101008,1993,2,,,,
422101010,1989,2,,,,
422101010,1991,2,,,40,
422101010,1993,2,,,30,
422101011,1997,2,,,20,
422101011,2000,2,,,,0
422101015,1997,2,,,150,
422101017,1989,2,,,0,
422101017,1991,2,,,100,
422101019,1989,2,,,0,
422101019,1993,2,,,20,
422102002,1993,2,,,,
422102002,1997,2,,,6,
422102004,1989,2,,,,
422102004,1993,2,,,10,
422102004,1997,2,,,,0
422102005,1989,2,,,0,
422102005,1993,2,,,40,
422102006,1989,2,,7,0,
422102006,1991,2,,,20,
422102006,1993,2,,,,
422102007,1989,2,20,7,,
422102007,1993,2,,,40,
422102009,1989,2,2,7,0,
422102010,2000,2,,,,
422102011,1993,2,,,15,
422102011,2000,2,,,,
422102012,2000,2,,,,
422102014,1993,2,,,10,
422102015,1989,2,,,,
422102015,1993,2,,,10,
422102016,1993,2,,,10,
422102018,1989,2,,,5,
422102018,1991,2,,,10,
422102019,1989,2,,,0,
422102019,1993,2,,,20,
422102019,1997,2,,,80,
422102020,1989,2,,,15,
422102020,1991,2,,,15,
422102042,2000,2,,,,
422103001,1997,2,,,90,
422103003,1989,2,8,6,30,
422103005,1997,2,,,20,
422103006,1989,2,12,7,15,
422103006,1991,2,,,6,
422103008,1989,2,,,0,
422103008,1991,2,,,15,
422103009,1997,2,,,90,
422103010,1989,2,10,6,50,
422103010,1991,2,,,30,
422103011,1989,2,,,,
422103011,1991,2,,,10,
422103011,1997,2,,,50,
422103012,1989,2,4,6,0,
422103012,1991,2,,,25,
422103012,1993,2,,,40,
422103013,1989,2,9,6,50,
422103014,1993,2,,,40,
422103014,1997,2,,,100,
422103014,2000,2,,,30,
422103017,1989,2,,,,
422103018,1989,2,8,6,0,
422103019,1989,2,,,50,
422103020,1989,2,8,6,0,
422104001,1989,2,,,,
422104002,1989,2,,,,
422104005,1989,2,,,,
422104006,1989,2,20,7,0,
422104008,1989,2,7,6,5,
422104009,1989,2,,,,
422104010,1997,2,,,100,
422104012,1997,2,,,10,
422104014,1989,2,,,,
422104014,1997,2,,,20,
422104015,1989,2,,,,
422104016,1997,2,,,120,
422104017,1989,2,,,,
422104018,1997,2,,,120,
422104019,1989,2,,,,
422201001,1997,2,,,40,
422201001,2000,2,,,,
422201002,1989,2,,,0,
422201002,1991,2,,,10,
422201004,1993,2,,,,
422201007,1989,2,,,,
422201007,1991,2,,,12,
422201008,1989,2,10,0,25,
422201008,1991,2,,,12,0
422201009,1989,2,,,20,
422201009,1991,2,,,12,
422201009,1993,2,,,20,
422201010,1989,2,8,7,0,
422201010,1991,2,,,12,
422201011,1989,2,10,6,25,
422201011,2004,2,,,,
422201012,1989,2,,,0,
422201012,1993,2,,,30,
422201014,1989,2,10,6,30,
422201016,1989,2,,,,
422201017,1989,2,,,25,
422201041,2006,2,,,50,
422201043,2006,2,,,60,
422202001,1997,2,,,10,
422202002,1989,2,6,7,3,
422202004,1989,2,,,5,
422202004,1991,2,,,3,
422202005,1989,2,4,6,3,
422202005,2004,2,,,,
422202005,2006,2,,,100,
422202006,1989,2,,,,
422202006,1991,2,,,3,
422202007,1989,2,6,6,15,
422202008,1989,2,6,6,3,
422202009,1993,2,,,12,
422202010,1989,2,,,5,
422202010,1991,2,,,3,
422202011,1989,2,4,6,3,
422202011,1993,2,,,13,
422202012,1989,2,6,6,6,
422202013,1989,2,6,6,30,
422202013,1991,2,,,3,
422202014,1989,2,6,6,8,
422202016,2006,2,,,,
422202019,1989,2,3,4,10,
422202041,2000,2,,,30,
422203001,1989,2,7,6,5,
422203002,2006,2,,,180,
422203003,1989,2,1,7,0,
422203003,1993,2,,,10,
422203004,1989,2,4,7,0,
422203005,1989,2,5,7,0,
422203007,1989,2,8,6,15,
422203007,1997,2,,,20,
422203008,1989,2,,,0,
422203008,1997,2,,,15,
422203009,1989,2,,,,
422203009,2006,2,,,,
422203010,1989,2,,,1,
422203011,1993,2,,,10,
422203014,1989,2,,,1,
422203018,1997,2,,,,
422203018,2000,2,,,30,
422203019,2006,2,,,30,
422203020,1989,2,,,2,
422203021,2004,2,,,20,
422203021,2006,2,,,40,
422203042,2006,2,,,50,
422203102,2006,2,,,60,
422204001,1989,2,,,10,
422204003,1989,2,,,,
422204004,2006,2,,,90,
422204005,1989,2,6,6,2,
422204006,1989,2,8,6,6,
422204009,1991,2,,,2,
422204010,2004,2,,,50,
422204010,2006,2,,,,
422204013,1989,2,2,7,0,
422204017,1989,2,,,0,
422204020,2006,2,,,60,
422204041,2006,2,,,80,
422204043,2006,2,,,,
422301002,1989,2,,,0,
422301005,1989,2,8,6,30,
422301005,1991,2,,,10,
422301005,1993,2,,,28,
422301006,1989,2,10,6,30,
422301007,1989,2,,,15,
422301010,2000,2,,,100,
422301011,2000,2,,,110,
422301019,1989,2,,,,
422301019,1991,2,,,10,0
422301043,2000,2,,,120,
422301062,2000,2,,,110,
422302001,1991,2,,,13,0
422302002,1989,2,,,40,
422302002,1991,2,,,5,
422302002,1993,2,,,5,
422302006,1989,2,,,40,
422302011,1989,2,,,,
422302013,2000,2,,,150,
422302016,1989,2,,,60,
422302016,1991,2,,,13,
422302017,1989,2,,,30,
422302017,1991,2,,,10,
422302018,1997,2,,,,
422302042,2000,2,,,150,
422302083,2006,2,,,300,
422303003,1993,2,,,20,
422303011,1993,2,,,15,
422303012,1997,2,,,,
422303013,1997,2,,,,
422303014,1997,2,,,,
422303018,1989,2,,0,60,
422303018,1991,2,,,40,
422303020,1989,2,,0,0,
422303041,1997,2,,,,
422304002,1997,2,,,,
422304002,2000,2,,,20,
422304004,1993,2,,,20,
422304006,1989,2,,,30,
422304007,1989,2,,,30,
422304007,1991,2,,,11,
422304009,2004,2,,,60,
422304010,1991,2,,,30,
422304011,1997,2,,,,
422304013,1997,2,,,,
422304017,1989,2,,,20,
422304018,2004,2,,,200,
422304081,2004,2,,,150,
422304081,2006,2,,,250,
422401001,2000,2,,,200,
422401002,1989,2,,,,
422401005,1993,2,,,,
422401006,1993,2,,,,
422401009,2006,2,,,100,
422401010,1993,2,,,30,
422401013,2006,2,,,50,
422401020,1997,2,,,,
422401041,2000,2,,,30,
422401042,1997,2,,,,
422401042,2000,2,,,90,
422401042,2004,2,,,50,
422402001,1997,2,,,10,
422402005,1989,2,,,,
422402006,1989,2,,,,
422402007,1989,2,,,0,
422402009,1989,2,,,,
422402010,1989,2,4,1,0,
422402011,1989,2,,,20,
422402012,2000,2,,,50,0
422402013,1993,2,,,,
422402015,1993,2,,,,
422402015,2000,2,,,40,
422402017,1989,2,7,7,5,
422402018,2000,2,,,60,0
422402018,2004,2,,,60,
422402018,2006,2,,,70,
422402020,1989,2,,,40,
422402042,1997,2,,,,0
422402082,2006,2,,,50,
422403002,2006,2,,,300,
422403004,2006,2,,,300,
422403005,1989,2,,,,
422403006,1989,2,,,,
422403010,1989,2,,,0,
422403012,2000,2,,,60,
422403012,2006,2,,,20,
422403013,1989,2,2,1,0,
422403014,1989,2,2,1,0,
422403017,1989,2,10,4,0,
422403018,2006,2,,,220,
422403042,1997,2,,,,
422403043,1997,2,,,150,
422403043,2000,2,,,50,
422403081,2004,2,,,120,
422403101,2006,2,,,50,
422404001,2004,2,,,30,
422404003,1989,2,,4,0,
422404004,1997,2,,,30,
422404006,2006,2,,,60,
422404008,1989,2,,0,0,0
422404009,1989,2,3,4,0,
422404009,1997,2,,,70,
422404010,1989,2,,4,,
422404010,1991,2,,,2,
422404011,1997,2,,,100,
422404012,1989,2,8,0,0,
422404013,1989,2,,4,,
422404013,1991,2,,,2,
422404014,1989,2,3,3,0,
422404014,1993,2,,,,0
422404016,2006,2,,,,
422404020,1997,2,,,90,
422404020,2000,2,,,50,
431101002,1991,1,,,60,
431101007,1989,1,24,7,40,
431101011,2006,1,,,250,
431101012,1997,1,,,200,
431101017,1989,1,8,6,0,0
431101081,2004,1,,,990,
431102002,1989,1,,,,
431102002,1993,1,,,80,
431102004,1989,1,,,,
431102005,2000,1,,,300,
431102007,1989,1,,,100,
431102007,1993,1,,,100,
431102008,1989,1,,,,
431102009,1989,1,6,6,35,5
431102009,1993,1,,,55,
431102011,1989,1,,,40,2
431102015,1989,1,12,7,60,
431102043,2004,1,,,100,
431102046,2004,1,,,300,
431103003,1989,1,,,,
431103008,1989,1,,,,
431103011,1991,1,,,9,
431103012,1989,1,,0,0,
431103012,1993,1,,,,
431103014,1989,1,,,,
431103016,1989,1,,,,
431103018,1989,1,,,,
431104001,2006,1,,,700,
431104002,2004,1,,,200,
431104011,1989,1,,,,
431104014,1989,1,,6,80,4
431104020,2004,1,,,,
431104083,2004,1,,,400,
431104083,2006,1,,,830,
431201001,1989,1,,,,
431201001,1991,1,,,33,16
431201002,1989,1,12,6,10,0
431201003,1993,1,,,70,
431201006,1989,1,12,6,30,7
431201007,1989,1,24,6,0,6
431201012,2006,1,,,180,
431201013,1989,1,12,7,80,
431201013,1991,1,,,20,
431201013,1993,1,,,100,3
431201016,1989,1,0,0,50,
431201018,1989,1,,,40,0
431201043,1997,1,,,130,
431201043,2000,1,,,200,
431201101,2006,1,,,500,
431202002,1993,1,,,,
431202002,1997,1,,,45,
431202003,1989,1,10,6,20,
431202006,2004,1,,,,
431202009,1989,1,,0,60,
431202009,1991,1,,,11,5
431202012,1997,1,,,120,
431202041,2004,1,,,100,
431203002,1989,1,4,6,,
431203002,1991,1,,,30,
431203003,2004,1,,,200,
431203003,2006,1,,,,
431203004,1997,1,,,,
431203004,2000,1,,,,
431203006,2004,1,,,600,
431203008,2004,1,,,200,
431203010,1989,1,5,6,5,
431203012,1991,1,,,30,
431203012,1993,1,,,,
431203013,1989,1,,,30,
431203014,2006,1,,,500,
431203015,1991,1,,,18,
431203015,1993,1,,,20,
431203017,1989,1,,,,
431203018,2004,1,,,300,
431203041,1997,1,,,,
431204002,2006,1,,,200,
431204006,2006,1,,,800,
431204007,2006,1,,,150,
431204008,1991,1,,,60,
431204010,2000,1,,,,
431204011,1989,1,6,6,0,0
431204014,2000,1,,,,0
431204014,2004,1,,,,
431204015,1993,1,,,25,
431204017,1989,1,6,5,0,0
431204018,1993,1,,,25,
431204041,2004,1,,,,
431204042,1997,1,,,,
431204042,2000,1,,,300,
431204042,2006,1,,,100,
431204061,2000,1,,,300,
432101001,1989,2,,,,
432101001,1993,2,,,20,
432101002,2000,2,,,80,
432101003,1989,2,,,20,
432101004,1989,2,24,7,,
432101005,1989,2,,,,
432101009,1989,2,8,6,15,
432101010,1989,2,,,,
432101011,1989,2,,0,,
432101013,1989,2,,,20,
432101015,1989,2,,0,30,0
432101015,2000,2,,,35,
432101018,1989,2,,,80,
432102004,1989,2,,0,,
432102005,1989,2,,0,,
432102018,1997,2,,,2,
432102019,1989,2,,0,50,
432102020,1989,2,,,60,
432102064,2006,2,,,20,
432103001,2000,2,,,10,
432103001,2004,2,,,200,
432103001,2006,2,,,200,
432103005,1991,2,,,10,
432103007,1989,2,,0,0,0
432103011,1989,2,,0,25,0
432103012,1989,2,4,7,30,0
432103014,1989,2,,0,20,0
432103015,1989,2,,,15,
432103015,1991,2,,,30,0
432103015,2004,2,,,180,
432103016,1989,2,,0,0,0
432103018,2006,2,,,30,
432103020,2004,2,,,100,
432103062,2000,2,,,50,
432104001,1989,2,,0,40,0
432104002,1989,2,10,1,10,0
432104006,2000,2,,,100,0
432104008,2004,2,,,220,30
432104014,1989,2,,0,15,0
432104015,1989,2,,0,20,0
432104017,2004,2,,,400,
432104041,1997,2,,,,
432104061,2000,2,,,100,
432104061,2004,2,,,,
432105008,2004,2,,,150,
432201001,1989,2,,0,0,0
432201003,2000,2,,,120,
432201005,1989,2,8,7,0,0
432201005,1991,2,,,50,
432201005,1997,2,,,45,0
432201005,2000,2,,,,
432201011,1989,2,4,6,20,
432201011,1991,2,,,20,
432201015,1993,2,,,100,
432201016,1989,2,4,0,30,0
432201020,1989,2,4,0,35,0
432201020,1993,2,,,15,
432201041,2000,2,,,120,
432201042,2000,2,,,,
432201044,1997,2,,,,
432201045,2006,2,,,100,
432202005,1993,2,,,20,
432202005,1997,2,,,20,
432202005,2000,2,,,75,
432202006,2006,2,,,,
432202007,1989,2,5,0,0,0
432202008,2006,2,,,150,
432202011,1989,2,,,50,
432202012,1989,2,1,1,0,
432202013,2000,2,,,,0
432202015,2000,2,,,20,
432202018,2006,2,,,40,
432202041,1997,2,,,200,
432202041,2000,2,,,,0
432202042,1997,2,,,,
432202101,2006,2,,,,
432203002,1997,2,,,20,
432203002,2000,2,,,80,
432203004,1989,2,6,7,15,0
432203004,1993,2,,,,
432203006,1989,2,5,7,0,
432203008,1991,2,,,20,0
432203009,2000,2,,,120,
432203009,2004,2,,,300,
432203009,2006,2,,,,
432203031,1997,2,,,100,
432203081,2004,2,,,200,
432203081,2006,2,,,200,
432204001,2000,2,,,60,60
432204004,1989,2,,,10,0
432204005,1991,2,,,15,
432204007,1989,2,,,,
432204011,1989,2,,0,20,
432204015,1989,2,,0,20,0
432204015,1997,2,,,450,
432204016,1989,2,3,7,0,
432204016,1991,2,,,40,
432204017,2004,2,,,100,
432204018,1989,2,,0,0,
432204020,1997,2,,,100,
432204042,2000,2,,,100,
432204042,2004,2,,,50,
432204043,1997,2,,,200,
432301002,1989,2,,0,0,
432301005,1991,2,,,0,
432301005,1997,2,,,,
432301005,2000,2,,,,
432301006,1989,2,,0,0,
432301007,1989,2,,0,0,
432301010,2006,2,,,80,
432301015,1997,2,,,,
432301015,2000,2,,,,
432301015,2004,2,,,,
432301017,1989,2,,0,0,
432301017,2000,2,,,,
432301019,1989,2,,0,0,
432301041,1997,2,,,200,
432301041,2000,2,,,,
432301061,2000,2,,,,0
432301061,2004,2,,,120,
432301081,2006,2,,,,
432301101,2006,2,,,,
432302001,1989,2,6,2,6,
432302005,1989,2,,,,
432302008,1993,2,,,,
432302011,1989,2,1,1,10,
432302013,2006,2,,,100,
432302014,1989,2,,,10,
432302014,2006,2,,,280,
432302015,2006,2,,,200,
432302019,2004,2,,,,
432302041,2000,2,,,100,0
432302042,2006,2,,,60,
432302061,2000,2,,,100,
432302081,2006,2,,,100,
432302082,2004,2,,,,
432302082,2006,2,,,100,
432303001,1989,2,3,0,,
432303001,1993,2,,,,
432303007,1989,2,,,,
432303010,1989,2,,,,
432303010,1991,2,,,150,
432303010,1993,2,,,80,0
432303011,1989,2,1,1,,
432303011,1993,2,,,,
432303013,1989,2,24,,40,
432303014,2004,2,,,100,
432303017,1993,2,,,,
432303018,1989,2,12,,,
432303019,1989,2,,,,
432303019,1991,2,,,12,
432303019,1993,2,,,40,
432303020,1989,2,,,,
432304002,2004,2,,,50,
432304002,2006,2,,,100,
432304011,1989,2,,0,40,
432304011,2000,2,,,,
432304013,1989,2,,0,0,
432304014,1989,2,2,3,10,
432304015,1989,2,3,2,20,
432304016,1989,2,1,1,50,
432304017,1989,2,1,0,0,
432304017,1991,2,,,8,
432304021,2000,2,,,,
432304101,2006,2,,,30,
432401006,1989,2,24,7,0,
432401006,1993,2,,,100,
432401007,1997,2,,,,
432401009,1989,2,8,6,20,
432401011,1989,2,24,6,0,
432401011,1993,2,,,100,
432401012,1989,2,24,6,0,
432401017,1989,2,24,6,0,
432401017,1991,2,,,0,4
432401020,2000,2,,,,
432401101,2006,2,,,,
432402002,1989,2,,0,1,0
432402002,1993,2,,,20,0
432402014,1993,2,,,,
432402020,1993,2,,,,
432402101,2006,2,,,30,
432402102,2006,2,,,200,
432403004,1989,2,,,,
432403005,1989,2,,,,
432403006,2000,2,,,,
432403008,2006,2,,,100,
432403010,2000,2,,,,
432403012,1993,2,,,,0
432403013,1993,2,,,,
432403018,2000,2,,,,
432403020,2000,2,,,,
432404001,1993,2,,,20,0
432404002,2006,2,,,100,
432404003,1989,2,,,30,
432404003,1993,2,,,40,0
432404005,2006,2,,,200,
432404006,1993,2,,,15,
432404007,1993,2,,,,
432404015,1993,2,,,20,
432404016,1989,2,2,2,0,
432404016,1993,2,,,20,
432404017,2006,2,,,150,
432404018,1989,2,,0,0,
432404020,1989,2,,0,15,
451101007,1989,1,10,,50,
451101007,2000,1,,,300,
451101009,1989,1,,,,
451101009,1993,1,,,60,
451101011,1989,1,,,30,
451101014,1989,1,,,0,
451101016,1989,1,,,0,
451101019,1989,1,,,0,
451101019,1991,1,,,40,
451101020,1989,1,,,0,
451101020,1991,1,,,48,
451102005,1989,1,4,7,0,
451102006,1989,1,,,50,
451102008,1993,1,,,85,5
451102009,1989,1,,,,
451102010,1989,1,8,6,30,20
451102010,1997,1,,,,
451102013,1989,1,,,,
451102014,1991,1,,,45,
451102015,1989,1,,,,0.9
451102063,2006,1,,,300,
451102066,2006,1,,,,
451102067,2004,1,,,,
451102101,2006,1,,,,
451102102,2006,1,,,,
451103001,1989,1,,0,,
451103001,1993,1,,,120,0
451103002,1989,1,,0,0,
451103002,1993,1,,,30,
451103003,1989,1,6,7,0,
451103003,1991,1,,,30,
451103003,1993,1,,,150,0
451103004,1989,1,,0,,
451103004,1993,1,,,120,
451103005,1989,1,6,6,30,
451103005,1993,1,,,170,0
451103007,1991,1,,,30,
451103007,1993,1,,,80,
451103008,1991,1,,,70,
451103008,1993,1,,,60,
451103008,2000,1,,,,
451103010,1989,1,,7,39,
451103010,1991,1,,,40,
451103010,1993,1,,,100,0
451103011,1989,1,,0,0,
451103011,1991,1,,,30,
451103011,1997,1,,,50,0
451103012,1989,1,,0,0,
451103012,1993,1,,,70,
451103013,1989,1,,0,0,
451103013,1991,1,,,70,
451103013,1993,1,,,45,
451103017,1989,1,,,,
451103017,1991,1,,,25,
451103018,1989,1,10,6,50,
451103020,1989,1,,,,
451103031,1997,1,,,60,
451103041,1997,1,,,60,
451103041,2004,1,,,300,
451103042,1997,1,,,,
451103043,1997,1,,,30,
451103043,2000,1,,,,
451103043,2004,1,,,,
451103044,2000,1,,,,
451104005,1997,1,,,,0
451104006,2004,1,,,,
451104008,2000,1,,,,
451104009,2000,1,,,,
451104011,1991,1,,,20,
451104011,1993,1,,,,
451104013,2000,1,,,,
451104015,1989,1,24,7,0,
451104015,1993,1,,,,0
451104102,2006,1,,,,
451105113,2006,1,,,200,
451201003,1989,1,,0,200,15
451201003,1991,1,,,17,5
451201006,1989,1,,,,
451201007,1989,1,,0,100,
451201007,1991,1,,,60,0
451201008,1989,1,,,,
451201009,1989,1,,,,
451201014,1993,1,,,,4
451201017,1989,1,,,,
451201048,2000,1,,,100,
451201061,2000,1,,,,
451201062,2004,1,,,50,
451202002,1989,1,9,6,50,10
451202003,1989,1,,,100,4
451202003,1993,1,,,100,5
451202004,1989,1,9,6,80,40
451202004,1991,1,,,20,5
451202005,1989,1,9,6,100,5
451202005,1991,1,,,140,
451202007,1997,1,,,120,
451202008,1991,1,,,63,50
451202008,1993,1,,,69,
451202009,1991,1,,,40,
451202009,1993,1,,,35,
451202010,1989,1,,,,
451202011,1989,1,,0,,
451202011,1991,1,,,200,
451202011,1993,1,,,100,
451202014,1989,1,,0,,
451202015,2000,1,,,180,
451202016,1989,1,,6,50,
451202016,1991,1,,,25,
451202016,1993,1,,,60,
451202018,1989,1,,,,
451202020,1989,1,,,,
451202041,1997,1,,,6,
451203002,1989,1,,0,10,
451203004,1989,1,,0,20,
451203005,1989,1,,0,100,0
451203005,1991,1,,,40,
451203008,1991,1,,,26,
451203008,2000,1,,,,0
451203010,2006,1,,,100,
451203011,1989,1,24,7,200,
451203011,1991,1,,,40,
451203011,1993,1,,,29,
451203012,2000,1,,,60,
451203013,1989,1,,0,80,
451203013,1991,1,,,15,
451203014,2004,1,,,,
451203015,1989,1,,0,,
451203015,1991,1,,,17,
451203017,1989,1,,,,
451203017,2000,1,,,300,1
451203019,2000,1,,,300,
451203019,2006,1,,,,
451203061,2000,1,,,,
451204006,1989,1,,,50,
451204006,2004,1,,,,
451204009,1991,1,,,20,
451204010,1993,1,,,,
451204011,2000,1,,,,
451204013,2000,1,,,,0
451204013,2004,1,,,100,
451204014,1991,1,,,14,
451204020,1991,1,,,0,
451204043,2000,1,,,,
451204045,2000,1,,,,
452101001,1989,2,,,14,
452101001,1991,2,,,15,
452101006,1989,2,,,0,
452101006,1991,2,,,50,
452101007,1989,2,,,0,
452101007,1991,2,,,30,
452101009,1989,2,,,0,
452101009,1991,2,,,30,12
452101009,1993,2,,,60,
452101011,1989,2,,,30,
452101013,1989,2,8,6,0,
452101014,1989,2,,,0,
452101014,1991,2,,,60,
452101015,1989,2,24,7,0,
452101019,1993,2,,,,
452102001,1997,2,,,3,0
452102001,2000,2,,,90,
452102001,2004,2,,,,
452102002,2000,2,,,80,
452102003,1989,2,,,20,
452102004,1989,2,,,20,
452102006,1989,2,,0,,
452102007,1989,2,,,,
452102009,2004,2,,,100,
452102009,2006,2,,,250,
452102010,1989,2,,0,0,
452102012,1989,2,,,,
452102015,1989,2,1,7,0,
452102020,1989,2,,,,
452102101,2006,2,,,500,
452102103,2006,2,,,100,
452103001,1989,2,,,20,
452103002,1989,2,,,30,
452103003,1989,2,,,12,
452103004,2000,2,,,,
452103004,2004,2,,,70,
452103006,2004,2,,,100,
452103008,1989,2,,0,10,
452103010,2006,2,,,80,
452103012,2000,2,,,30,
452103020,1989,2,,,10,
452103042,2000,2,,,18,
452103043,2000,2,,,,
452103061,2000,2,,,,
452103062,2000,2,,,,
452103064,2004,2,,,103,
452104005,2000,2,,,30,
452104005,2004,2,,,,
452104005,2006,2,,,120,
452104006,2000,2,,,,
452104006,2004,2,,,150,
452104007,2000,2,,,100,
452104007,2006,2,,,100,
452104008,2000,2,,,,
452104013,2000,2,,,70,
452104016,1989,2,4,3,0,
452104017,2006,2,,,150,
452104018,2006,2,,,150,
452104020,2004,2,,,100,
452104020,2006,2,,,70,
452105005,1997,2,,,90,
452105008,2000,2,,,,
452105009,2006,2,,,30,
452105012,2000,2,,,,
452105013,2006,2,,,800,
452105081,2004,2,,,120,
452105084,2004,2,,,120,
452201001,1989,2,8,6,20,
452201005,1989,2,7,6,15,
452201005,1993,2,,,25,
452201008,1989,2,,,,
452201009,1989,2,6,6,70,
452201009,1991,2,,,45,
452201012,1993,2,,,150,
452201012,1997,2,,,8,
452201013,2000,2,,,150,
452201014,1993,2,,,76,
452201019,1989,2,5,7,0,
452201019,1993,2,,,20,
452201043,1997,2,,,36,
452201043,2000,2,,,,
452201061,2004,2,,,98,
452202001,1989,2,12,7,0,
452202002,1989,2,12,7,60,
452202005,2000,2,,,30,
452202007,2000,2,,,30,
452202017,1989,2,3,7,0,
452202018,2000,2,,,,
452202044,1997,2,,,30,
452202081,2006,2,,,120,
452203005,1989,2,,0,0,
452203005,2000,2,,,15,
452203007,1993,2,,,10,
452203013,1989,2,4,5,21,
452203015,2000,2,,,5,
452203017,1989,2,24,7,0,
452203018,2000,2,,,2,
452203042,2000,2,,,48,
452203043,2006,2,,,100,
452203061,2006,2,,,250,
452203101,2006,2,,,120,
452204001,2000,2,,,5,
452204002,1989,2,,0,,
452204002,1993,2,,,15,
452204003,1989,2,,0,,
452204003,1993,2,,,20,
452204007,2000,2,,,30,
452204007,2004,2,,,80,
452204012,1993,2,,,20,
452204013,1997,2,,,80,
452204014,1993,2,,,0,15
452204015,1989,2,,,,
452204015,1993,2,,,15,
452204019,1989,2,,,0,
452204019,1991,2,,,20,
452204020,1989,2,,0,100,
452204061,2000,2,,,80,
452204082,2006,2,,,120,
452204101,2006,2,,,150,
452301002,1991,2,,,60,
452301002,1993,2,,,60,
452301002,1997,2,,,96,
452301004,1993,2,,,86,36
452301005,2004,2,,,,
452301005,2006,2,,,350,
452301008,1997,2,,,100,
452301009,1997,2,,,130,
452301011,1991,2,,,50,
452301013,1993,2,,,,
452301013,2006,2,,,60,
452301015,1989,2,,,,
452301015,1991,2,,,30,10
452301015,1993,2,,,35,5
452301019,2000,2,,,90,
452301019,2006,2,,,160,
452301041,1997,2,,,150,
452302001,1991,2,,,10,
452302002,1989,2,,0,,
452302003,2004,2,,,,
452302003,2006,2,,,,
452302004,1989,2,,0,,
452302005,1989,2,,0,,
452302006,2000,2,,,,
452302012,1997,2,,,,
452302013,2000,2,,,,0
452302016,1997,2,,,50,
452302019,1989,2,,,4,
452302081,2004,2,,,100,
452303002,1993,2,,,,
452303005,2006,2,,,90,
452303008,1989,2,,0,10,
452303011,2006,2,,,15,
452303014,1991,2,,,9,
452303014,1993,2,,,17,
452303015,2000,2,,,,
452303042,2006,2,,,100,
452303081,2006,2,,,100,
452303082,2006,2,,,40,
452304004,2004,2,,,,
452304004,2006,2,,,20,
452304006,2006,2,,,200,
452304013,2000,2,,,,
452304017,2004,2,,,50,
452304017,2006,2,,,10,
452304018,2004,2,,,200,
452401001,1989,2,24,2,40,
452401003,1989,2,8,6,0,
452401004,1989,2,,,40,8
452401008,1989,2,,0,0,
452401008,2000,2,,,,
452401009,2000,2,,,,
452401009,2004,2,,,,
452401010,2000,2,,,300,
452401011,1991,2,,,460,
452401013,1989,2,,,,
452401015,1989,2,8,6,40,10
452401015,1993,2,,,60,
452401019,1989,2,10,6,66,
452401020,1989,2,,,,
452401048,2006,2,,,,
452401051,2000,2,,,,
452401051,2004,2,,,119,
452402004,1989,2,,,,
452402004,1993,2,,,20,
452402005,1989,2,,,,
452402006,1989,2,,,,
452402007,1989,2,0,,,
452402008,1989,2,,,,
452402009,1997,2,,,100,
452402010,1997,2,,,100,0
452402013,1989,2,,,,
452402014,2006,2,,,80,
452402015,1989,2,24,0,0,
452402015,1991,2,,,10,
452402015,2006,2,,,9,
452402016,1989,2,,,0,
452402017,1989,2,,,,
452402017,1993,2,,,,
452402018,1989,2,,,180,
452402018,1993,2,,,140,
452402020,1989,2,,,20,
452402020,1993,2,,,100,
452402021,1989,2,,,200,
452402042,1997,2,,,200,
452403001,1989,2,,,,
452403001,1991,2,,,90,
452403001,1993,2,,,,
452403001,1997,2,,,,
452403001,2000,2,,,150,
452403002,1989,2,,,,
452403002,1991,2,,,100,
452403002,1993,2,,,70,
452403003,1989,2,,,,
452403003,1991,2,,,45,
452403004,1989,2,4,6,20,
452403004,1991,2,,,8,
452403004,1993,2,,,20,
452403005,1989,2,,,,
452403005,2004,2,,,,
452403005,2006,2,,,,
452403006,2000,2,,,,1
452403006,2006,2,,,100,
452403007,1989,2,4,7,10,
452403008,1989,2,,,,
452403008,1997,2,,,50,
452403009,1993,2,,,60,
452403010,1989,2,8,6,150,
452403010,1991,2,,,50,
452403012,1989,2,,,60,
452403012,1991,2,,,90,
452403012,1993,2,,,40,
452403013,1989,2,9,6,,
452403013,1991,2,,,35,
452403013,1993,2,,,,
452403018,1989,2,,0,30,
452403018,1991,2,,,6,
452403019,1997,2,,,,
452403020,1989,2,,0,5,
452403041,2000,2,,,30,0
452404001,1989,2,,0,20,
452404003,2000,2,,,,
452404005,1989,2,5,6,0,
452404007,1997,2,,,,
452404007,2000,2,,,50,
452404008,1989,2,,,,
452404009,2004,2,,,80,
452404009,2006,2,,,70,
452404015,2006,2,,,50,
452404017,1989,2,,,,
452404017,1993,2,,,136,
452404018,1989,2,,,4,
452404019,1989,2,,,,
452404041,1997,2,,,30,
452404041,2000,2,,,150,0
452404042,2000,2,,,20,0
452404061,2000,2,,,100,
521101001,1991,1,,,100,
521101008,1989,1,,,0,
521101009,1989,1,,,0,
521101018,1989,1,8,4,22,
521101018,1991,1,,,50,
521102004,1991,1,,,20,15
521102005,1989,1,,,50,2.5
521102005,1991,1,,,5,15
521102008,1989,1,,,0,
521102010,1989,1,,,0,
521102011,1993,1,,,100,
521102013,1989,1,9,6,80,
521102015,1993,1,,,150,
521102018,1989,1,,,0,
521102018,1991,1,,,40,0
521102020,1989,1,,,,
521103001,1991,1,,,13,
521103003,1993,1,,,,
521103006,1989,1,,,0,4
521103006,1993,1,,,30,
521103010,1989,1,,,0,
521103018,1989,1,,,0,
521103019,1989,1,,,0,
521104001,1989,1,,,3,
521104001,1991,1,,,20,
521104004,1989,1,,,0,
521104007,1989,1,,,3,
521104011,1989,1,,,100,
521104014,1989,1,,,100,
521104017,1989,1,,,0,
521104019,1989,1,,,0,
521104019,1991,1,,,15,
521104020,1989,1,,,0,
521105003,1997,1,,,78,
521106004,1997,1,,,80,
521106011,2000,1,,,150,
521106016,2004,1,,,300,
521106016,2006,1,,,800,
521106017,2006,1,,,200,
521106018,2000,1,,,100,
521106018,2004,1,,,300,
521107003,2004,1,,,300,
521107003,2006,1,,,300,
521107006,2000,1,,,30,
521107009,2000,1,,,100,
521107009,2004,1,,,150,
521107009,2006,1,,,300,
521107011,2000,1,,,150,
521107011,2004,1,,,100,
521107011,2006,1,,,300,
521107012,1997,1,,,100,
521107013,1997,1,,,75,
521107015,2000,1,,,130,
521107019,2000,1,,,120,
521107020,1997,1,,,80,
521107061,2000,1,,,50,
521108001,1997,1,,,100,
521108004,1997,1,,,20,
521108008,2000,1,,,200,0
521108009,1997,1,,,100,
521108011,1997,1,,,10,
521108011,2000,1,,,50,
521108016,2006,1,,,200,
521108017,2004,1,,,,
521108082,2004,1,,,,
521108082,2006,1,,,30,
521108083,2004,1,,,,
521109002,2000,1,,,300,5
521109016,2000,1,,,350,
521109017,2000,1,,,115,
521109084,2004,1,,,500,
521109087,2004,1,,,300,
521201002,1989,1,,,15,
521201002,1991,1,,,11,
521201002,1993,1,,,70,
521201003,1989,1,8,6,0,
521201003,1991,1,,,10,
521201004,1989,1,8,6,0,
521201006,1997,1,,,60,
521201007,1989,1,,,0,
521201007,1991,1,,,7,
521201007,1993,1,,,0,
521201008,1989,1,6,7,50,
521201008,1991,1,,,35,
521201008,1993,1,,,0,
521201008,2000,1,,,150,
521201009,1989,1,6,6,0,
521201009,1991,1,,,25,
521201010,1989,1,,,0,
521201010,1991,1,,,35,
521201011,1989,1,,6,0,
521201011,1991,1,,,5,
521201012,1989,1,,,0,
521201012,1991,1,,,15,
521201013,1989,1,8,6,0,
521201013,1991,1,,,15,
521201015,1989,1,,,0,
521201016,1989,1,,0,0,
521201016,1991,1,,,15,
521201016,2000,1,,,120,
521201018,2004,1,,,200,
521201020,1989,1,,,0,
521201041,1997,1,,,0,
521201041,2000,1,,,50,
521201061,2004,1,,,600,
521201061,2006,1,,,300,
521202004,1991,1,,,11,
521202006,1989,1,,,0,
521202008,1989,1,,,0,
521202008,2000,1,,,20,
521202008,2004,1,,,80,
521202009,2000,1,,,15,
521202010,1989,1,,,0,
521202010,1991,1,,,10,
521202010,2006,1,,,70,
521202011,1989,1,,,0,
521202011,1991,1,,,20,
521202011,1993,1,,,10,
521202011,2006,1,,,,11
521202012,1989,1,,,0,
521202013,1989,1,,,0,
521202014,1989,1,,,0,
521202014,1997,1,,,200,
521202014,2000,1,,,100,
521202015,1989,1,,,0,
521202016,1989,1,,,0,
521202016,1991,1,,,25,
521202017,1989,1,,,0,
521202017,1991,1,,,25,
521202017,1993,1,,,0,
521202018,1989,1,,,0,
521202019,1991,1,,,25,
521202020,1989,1,,,0,
521202020,1991,1,,,25,
521202042,1997,1,,,60,
521203001,1989,1,,,0,
521203002,1989,1,,,0,
521203004,1989,1,,,0,
521203011,2000,1,,,,
521203015,2004,1,,,150,
521203016,2000,1,,,30,
521203019,2000,1,,,20,
521203019,2004,1,,,100,
521203020,1989,1,,,0,
521204002,1997,1,,,10,
521204004,1989,1,0,0,0,
521204005,1989,1,0,0,0,
521204007,1989,1,,,0,
521204008,1989,1,0,0,0,
521204009,1989,1,,,0,
521204081,2006,1,,,,
522101001,1989,2,10,6,0,
522101003,1997,2,,,60,
522101003,2000,2,,,,
522101008,1989,2,,,0,
522101011,1989,2,,,0,
522101015,2000,2,,,150,
522101018,1997,2,,,,
522101020,1989,2,,,0,
522101020,1991,2,,,14,
522101062,2000,2,,,100,
522102004,1997,2,,,,
522102004,2000,2,,,,
522102004,2004,2,,,20,
522102005,1997,2,,,30,
522102014,2000,2,,,,
522102018,2006,2,,,50,
522103004,2004,2,,,30,
522103004,2006,2,,,600,
522103006,2000,2,,,2,
522103006,2006,2,,,480,
522103007,2000,2,,,5,
522103020,2006,2,,,100,
522104006,1989,2,,3,0,
522104009,2000,2,,,,
522104009,2004,2,,,50,
522104015,1993,2,,,8,
522104016,1989,2,12,2,0,
522201002,2000,2,,,70,
522201005,2000,2,,,10,
522201006,1989,2,,,0,
522201006,1991,2,,,10,
522201011,2000,2,,,30,
522201014,1993,2,,,20,
522201015,1997,2,,,80,
522201016,1989,2,,,0,
522201016,1991,2,,,10,
522201018,1989,2,,,0,
522201018,1993,2,,,,
522201020,2000,2,,,,
522201061,2000,2,,,70,
522201062,2006,2,,,90,
522202002,1997,2,,,,
522202002,2000,2,,,,3
522202003,2004,2,,,60,
522202003,2006,2,,,300,
522202005,2000,2,,,20,
522202006,2000,2,,,70,
522202008,2000,2,,,20,
522202009,2000,2,,,60,
522202012,2000,2,,,30,
522202012,2004,2,,,70,
522202015,2000,2,,,60,
522202019,2004,2,,,30,
522202019,2006,2,,,,
522202020,1993,2,,,12,
522202020,2006,2,,,,
522202061,2000,2,,,30,
522202063,2000,2,,,60,
522202064,2006,2,,,250,
522203001,1989,2,6,6,10,
522203005,1989,2,,,0,
522203007,1989,2,,,,
522203007,2000,2,,,5,
522203007,2006,2,,,48,
522203012,1997,2,,,,
522203012,2000,2,,,100,
522203013,1989,2,10,7,0,
522203020,2000,2,,,,
522203041,2000,2,,,50,
522203041,2006,2,,,80,
522203061,2000,2,,,60,
522204001,2006,2,,,180,
522204003,2006,2,,,15,
522204006,2006,2,,,300,
522204010,1997,2,,,20,
522204010,2000,2,,,16,
522204011,2000,2,,,20,
522204011,2006,2,,,100,
522204018,1997,2,,,40,
522204061,2006,2,,,10,
522204062,2000,2,,,15,
522204062,2006,2,,,50,
522301001,2004,2,,,100,
522301001,2006,2,,,103,
522301002,2004,2,,,150,
522301002,2006,2,,,250,
522301006,1993,2,,,150,0
522301006,1997,2,,,80,
522301007,1993,2,,,,0
522301008,2000,2,,,100,
522301009,2000,2,,,100,
522301010,2000,2,,,120,
522301011,2000,2,,,60,
522301012,1989,2,6,6,24,
522301012,1991,2,,,45,
522301017,1989,2,1,3,0,
522301018,1989,2,1,1,0,
522301019,1989,2,,,0,
522301042,2000,2,,,20,
522301043,2000,2,,,100,
522301102,2006,2,,,200,
522302001,1993,2,,,40,
522302002,2004,2,,,,15
522302004,2000,2,,,20,
522302004,2004,2,,,30,
522302004,2006,2,,,,
522302006,2004,2,,,100,
522302008,2000,2,,,30,
522302017,1989,2,,,0,
522302018,1989,2,,,0,
522302042,2000,2,,,20,
522302043,2000,2,,,10,
522303001,2000,2,,,20,
522303001,2004,2,,,60,
522303001,2006,2,,,,
522303002,1989,2,,0,0,
522303002,2006,2,,,,
522303003,2004,2,,,60,
522303003,2006,2,,,50,
522303004,2000,2,,,10,
522303005,2006,2,,,100,
522303008,2000,2,,,55,
522303009,2000,2,,,6,
522303009,2006,2,,,30,
522303012,1991,2,,,5,
522303013,2004,2,,,200,
522303018,1989,2,4,2,0,
522303018,2000,2,,,100,
522303043,2000,2,,,100,
522303044,2000,2,,,10,
522303044,2006,2,,,50,
522303081,2006,2,,,,
522303082,2004,2,,,50,
522303101,2006,2,,,60,
522304002,2004,2,,,30,
522304002,2006,2,,,60,
522304004,1989,2,,,0,
522304005,1993,2,,,,
522304005,2006,2,,,120,
522304007,1989,2,3,6,0,
522304009,2006,2,,,110,
522304010,2006,2,,,,14
522304011,1993,2,,,0,
522304014,1993,2,,,,
522304015,2000,2,,,20,
522304016,1997,2,,,20,
522304016,2000,2,,,10,
522304019,1989,2,,,,
522304020,1993,2,,,0,
522304031,2000,2,,,30,
522304061,2006,2,,,120,
522304101,2006,2,,,150,
522401003,1997,2,,,120,
522401012,1993,2,,,,
522401012,1997,2,,,100,
522401017,2000,2,,,200,
522401018,2000,2,,,300,
522401019,1997,2,,,,
522401019,2000,2,,,250,
522401043,2000,2,,,60,
522401043,2006,2,,,,
522401062,2000,2,,,136,
522401064,2000,2,,,,
522401101,2006,2,,,150,
522402002,2000,2,,,100,
522402003,2004,2,,,40,
522402004,1997,2,,,80,
522402004,2000,2,,,60,
522402008,2004,2,,,100,
522402010,1997,2,,,30,
522402010,2000,2,,,80,
522402015,2000,2,,,60,
522402020,2000,2,,,100,
522402020,2006,2,,,300,
522402041,1997,2,,,30,
522402082,2004,2,,,480,
522403002,1997,2,,,,
522403010,2000,2,,,60,
522403014,2000,2,,,40,
522403014,2004,2,,,,
522403016,2000,2,,,80,
522403017,2004,2,,,100,
522403062,2000,2,,,40,
522403062,2004,2,,,70,
522403081,2004,2,,,,
522404001,1997,2,,,15,
522404002,1989,2,4,6,0,
522404003,2000,2,,,20,
522404005,1989,2,,,0,
522404006,2000,2,,,,
522404009,1989,2,,,0,
522404017,1997,2,,,99,
522404020,2004,2,,,100,
522404041,2000,2,,,60,
522404041,2004,2,,,50,
